,cell_x,cell_y,X,Y,alt
0,136.0,682.0,582404.5841,130518.0406,-31.11154194638766
1,132.0,689.0,582395.5218,130531.0831,-24.177599841718802
2,142.0,671.0,582416.0519,130495.6199,-36.00955132320496
3,148.0,661.0,582428.2737,130475.9283,-36.161809683715546
4,150.0,658.0,582432.073,130470.5054,-33.63313319241706
5,154.0,652.0,582439.0989,130458.0562,-32.840436019097524
6,157.0,647.0,582445.5952,130448.8237,-31.32389873232387
7,160.0,642.0,582452.9062,130437.6447,-33.21068916967715
8,228.0,542.0,582587.0707,130238.8185,-50.39305831532238
9,176.0,617.0,582483.922,130388.8611,-15.610615482794856
10,227.0,544.0,582585.5095,130241.9647,-52.0324009789324
11,223.0,550.0,582578.1802,130254.1418,-47.812856592246135
12,230.0,542.0,582592.2678,130237.867,-51.995694164546876
13,222.0,551.0,582575.7185,130256.6865,-49.04488350242627
14,173.0,622.0,582477.7996,130397.9262,-20.009599685885405
15,225.0,548.0,582581.6617,130250.659,-50.48404139424292
16,234.0,536.0,582600.2997,130226.615,-52.44790799665634
17,165.0,634.0,582462.0821,130422.1312,-32.18612859591758
18,169.0,628.0,582469.9141,130409.4782,-25.468426934716263
19,235.0,536.0,582601.4533,130225.1232,-54.75222074855765
20,188.0,600.0,582507.4512,130353.1676,-16.743484006083236
21,236.0,534.0,582603.0129999999,130222.9775,-55.04349421672032
22,237.0,532.0,582605.8866,130218.8162,-56.41908604757964
23,239.0,529.0,582610.1514,130212.4119,-56.10106269528933
24,191.0,593.0,582514.0851,130340.9879,-21.75089565535427
25,240.0,528.0,582611.8154,130209.9958,-58.36987535689468
26,242.0,526.0,582615.4343,130205.3098,-59.05773930246278
27,245.0,521.0,582622.6483,130196.418,-62.797336226344214
28,247.0,519.0,582625.3224,130192.9193,-63.70398548251205
29,249.0,516.0,582629.9697,130185.4568,-62.612910835194725
30,255.0,508.0,582641.9749,130169.0997,-66.46899077935677
31,254.0,509.0,582640.4402,130171.054,-69.16283096086954
33,258.0,503.0,582647.9287,130160.3173,-70.86385833572831
34,260.0,500.0,582652.1164,130153.8,-73.01819992779565
35,262.0,498.0,582655.0903,130149.2616,-72.60820511576458
36,265.0,493.0,582661.2715,130140.6324,-69.74731485931352
37,262.0,496.0,582656.8688,130146.4629,-75.93422566735262
38,267.0,490.0,582665.5896,130134.5069,-70.4186354845815
39,266.0,491.0,582664.8618,130135.7591,-72.64153632255238
41,269.0,487.0,582669.3082,130128.3055,-72.22817471294229
42,271.0,484.0,582673.4231,130121.8804,-71.26193254439568
44,271.0,483.0,582674.2062,130120.6162,-72.46351751879047
45,268.0,476.0,582667.3378,130106.3768,-75.84503190417672
47,259.0,462.0,582650.4531,130078.8274,-81.36796534006317
48,253.0,439.0,582638.4249,130032.1069,-86.82967642986614
50,252.0,431.0,582636.1446,130015.6996,-86.28827194860105
52,1413.0,669.0,584958.9711,130491.4043,-45.85428279003827
54,377.0,336.0,582886.1551,129826.7063,-86.11301286619664
56,373.0,333.0,582878.8365,129820.4488,-81.72965147680497
58,359.0,322.0,582849.9849,129797.9396,-73.4745720291894
60,370.0,331.0,582871.994,129815.7658,-81.09654718735374
62,364.0,327.0,582860.6843,129807.5555,-76.67400368841209
64,1405.0,668.0,584942.3932,130490.5535,-46.74246408585759
66,360.0,323.0,582852.3185,129800.0487,-73.35912812063225
68,349.0,312.0,582830.1805,129777.4166,-69.09959272581636
70,346.0,308.0,582823.6222,129770.4759,-63.0142181501833
72,355.0,317.0,582841.1577,129788.2155,-70.83403584834878
74,353.0,316.0,582838.3302,129785.2936,-71.42760300475402
76,1398.0,662.0,584928.1052,130477.1771,-49.83622944315857
78,348.0,310.0,582827.6341,129774.3787,-66.6947217972579
80,345.0,307.0,582821.1379999999,129768.2194,-62.07956400694775
82,336.0,300.0,582804.4801,129753.69300000001,-59.40281361328334
84,343.0,306.0,582818.8412,129766.3157,-62.67453091343759
86,1396.0,655.0,584923.5971,130463.4096,-52.81467031311922
88,339.0,302.0,582809.5837,129758.6024,-59.04912544253739
90,1391.0,649.0,584914.9669,130452.0435,-51.302092830466336
92,1016.0,235.0,584164.9947,129624.5777,-32.648747644451305
93,1012.0,237.0,584156.8407,129627.7068,-19.621955879356847
94,1384.0,655.0,584899.9909,130463.5456,-50.92863972122677
96,238.0,354.0,582607.0805,129862.8659,-86.45157680039028
98,1007.0,238.0,584146.4142,129630.9893,-17.270572924364842
99,1007.0,239.0,584145.3653,129631.4824,-18.093586280167983
100,1378.0,660.0,584888.1264,130473.1025,-45.621899276156
102,1371.0,664.0,584873.5348,130481.2894,-46.85798320715139
104,1000.0,243.0,584131.4742,129639.2001,-20.908311726613647
105,233.0,332.0,582598.6067,129818.1705,-67.34858276390332
107,1369.0,665.0,584870.0631,130483.0228,-48.71177854205007
109,234.0,335.0,582600.6146,129823.2997,-83.96028934421292
111,999.0,243.0,584129.0916,129639.9126,-21.155087468976035
112,1367.0,666.0,584866.5318,130485.3741,-46.38814600788737
114,1363.0,670.0,584857.0804,130493.3177,-43.68836304786146
116,231.0,326.0,582593.3654,129806.4375,-82.413174595084
118,340.0,915.0,582811.2172,130983.0111,-3.082857354346743
119,227.0,317.0,582585.997,129788.0727,-77.99518842878206
121,323.0,895.0,582777.7249,130944.8435,-8.534841589418193
122,321.0,893.0,582773.4382,130940.9076,-7.525470172383848
123,318.0,890.0,582768.7666,130934.7605,-7.873401448339791
124,1011.0,237.0,584153.4087,129628.3865,-14.760268471398831
126,347.0,917.0,582825.8384,130988.0814,-2.648410528595832
127,1006.0,239.0,584144.2744,129632.1548,-15.619715048936541
129,311.0,879.0,582753.2608,130911.6892,-10.119349528888506
130,306.0,873.0,582744.7986,130900.1145,-13.602306885123198
131,1330.0,597.0,584791.3405,130347.4424,-44.43109148894655
133,1327.0,592.0,584786.0239,130337.487,-41.24016930132393
135,1333.0,605.0,584798.5181,130364.8,-45.6341775672654
137,1325.0,585.0,584781.4777,130324.4457,-35.868868237676
139,1003.0,241.0,584137.4399,129635.5853,-17.2781926126936
141,1323.0,582.0,584777.6812,130317.3227,-33.82002006843368
143,296.0,859.0,582723.9667,130872.8844,-15.45809420917567
144,291.0,855.0,582713.1311,130863.4178,-16.61882613081525
145,1339.0,660.0,584810.5778,130474.7794,-53.71976590911663
147,282.0,849.0,582696.5672,130852.19300000001,-20.639442502964357
148,959.0,254.0,584050.6446,129661.8743,-32.747330515889644
149,247.0,831.0,582625.698,130816.0182,-38.76824580796983
150,235.0,826.0,582602.4242,130805.8546,-40.252234391056845
151,278.0,846.0,582688.454,130846.5228,-24.663032762120565
154,221.0,822.0,582574.7682,130797.558,-38.98684980709959
155,229.0,823.0,582590.1643,130800.9465,-40.21587884603787
156,252.0,833.0,582636.3157,130819.4294,-38.6824879529363
157,957.0,254.0,584045.5829,129661.9027,-34.34272348998729
158,276.0,845.0,582683.4539,130843.2722,-27.705961884334556
159,260.0,836.0,582652.0735,130825.0408,-35.10999564438407
160,270.0,841.0,582672.6696,130835.8617,-31.052701372321735
161,274.0,843.0,582679.3443,130840.1843,-30.17665335855054
162,265.0,838.0,582662.0198,130829.8514,-34.53109252928107
163,353.0,913.0,582837.7227,130980.6025,-0.9557702578508724
164,1335.0,614.0,584801.8525,130381.9075,-50.86785054158236
166,1183.0,469.0,584497.7101,130091.5887,-14.408904951431396
168,951.0,254.0,584034.1514,129662.0793,-34.71278545116775
169,339.0,914.0,582810.1331,130981.719,-4.072561246132409
170,332.0,906.0,582796.5260000001,130966.7779,-8.80887617097369
171,157.0,446.0,582446.2461,130045.4465,-42.24323762263111
172,348.0,916.0,582828.8085,130986.9608,-2.897732321557669
173,995.0,244.0,584121.6417,129641.8036,-23.21775100821924
175,161.0,442.0,582453.2217,130038.3791,-48.52854342203409
176,167.0,437.0,582465.9437,130028.7713,-50.82521639015613
177,945.0,256.0,584021.8068,129666.3459,-35.39486011488998
178,943.0,257.0,584017.7911,129667.4757,-37.585098143148116
179,1335.0,644.0,584802.1807,130442.4697,-55.10071994903274
181,175.0,435.0,582481.4654,130024.6026,-54.25202815332159
182,324.0,896.0,582779.8982,130946.8864,-9.30312497823752
183,319.0,891.0,582770.2034,130936.8962,-8.547359236153625
184,939.0,257.0,584010.5542,129667.4587,-37.242595963281474
185,218.0,285.0,582568.8279,129724.9451,-74.92746706437083
187,182.0,434.0,582495.9261,130021.023,-57.944057059295574
188,734.0,589.0,583599.2143,130332.2658,-77.80519546063852
190,934.0,257.0,583999.9614,129667.8485,-38.02835858740582
191,1179.0,471.0,584490.8716,130096.4698,-16.60750364782507
192,714.0,532.0,583560.9699,130218.5433,-87.77691821932694
194,713.0,528.0,583558.774,130209.8802,-86.50827927135288
196,731.0,583.0,583593.2614,130319.6361,-80.8153409203328
198,717.0,540.0,583566.1823,130234.3643,-92.4940834531908
200,1332.0,638.0,584795.0634,130429.3712,-53.777519840410605
202,711.0,521.0,583553.6153,130196.6511,-81.93679132224315
204,219.0,810.0,582570.4126,130774.6509,-39.72520508062098
205,188.0,432.0,582508.6070000001,130018.9458,-61.63695639961361
206,191.0,430.0,582514.2679,130013.6723,-54.625210232572954
207,1330.0,627.0,584791.2973,130408.0084,-50.78662769311177
209,928.0,257.0,583988.3869,129668.3715,-38.397312914827125
210,313.0,882.0,582757.4146,130918.5964,-10.881653836328496
211,1178.0,473.0,584487.955,130099.8678,-14.116488325428236
213,354.0,905.0,582840.9339,130964.6178,1.8351677672235382
214,707.0,509.0,583545.8689,130171.0585,-78.34727243402904
216,355.0,909.0,582842.3308,130971.2232,1.4691213190476446
217,223.0,808.0,582578.3947,130770.44099999999,-40.7681654772955
218,924.0,257.0,583980.8991,129668.3093,-38.716518332181295
219,191.0,425.0,582514.9741,130004.9307,-47.61597679716988
220,1178.0,476.0,584487.6465,130105.5842,-15.206089294906178
221,1177.0,478.0,584486.3571,130110.5207,-14.718616373882469
223,1317.0,589.0,584766.9431,130331.0268,-32.89967742984754
225,308.0,875.0,582747.5868,130904.1267,-16.172822042194184
226,354.0,911.0,582840.5626,130976.8923,-1.102165288053584
227,352.0,897.0,582835.7829,130947.545,0.08965602132093409
228,1177.0,481.0,584485.5014,130115.0268,-15.842636216893425
229,226.0,806.0,582584.4151,130765.6982,-45.72753604825857
230,914.0,257.0,583959.6545,129668.8914,-39.62419073899218
232,1177.0,483.0,584485.2952,130120.1999,-16.265202131598926
234,192.0,418.0,582515.4028,129989.7816,-42.31000693141323
235,1177.0,487.0,584485.5251,130127.0106,-16.181260407485752
236,302.0,867.0,582736.4629,130887.3693,-15.212081702933574
237,907.0,258.0,583946.6636,129670.0943,-38.84511220167951
238,904.0,258.0,583940.8379,129670.5707,-38.257477367285446
239,1176.0,489.0,584484.6626,130132.3322,-14.67577796518799
241,350.0,892.0,582832.8734,130938.052,1.833431499683229
242,901.0,258.0,583933.3973,129670.9928,-39.65479867247495
243,700.0,486.0,583532.0113,130126.3043,-83.0907345115229
245,1176.0,491.0,584483.8993,130135.8454,-16.13775301882015
246,205.0,826.0,582541.8245,130805.0086,-32.59909668568616
247,230.0,803.0,582592.8489999999,130760.3358,-48.17873436639093
248,756.0,70.0,583643.1952,129294.454,-18.505723975272304
249,637.0,198.0,583405.1333,129549.9296,-28.312118983377786
250,754.0,72.0,583640.7562,129297.3628,-18.145132614904014
251,754.0,74.0,583639.2447,129301.2668,-18.02742904852812
253,1176.0,494.0,584484.1881,130141.7226,-15.512044628314925
255,298.0,861.0,582727.0447,130876.0543,-15.36038483907987
256,756.0,69.0,583643.2288,129291.0617,-19.629603182308074
257,210.0,823.0,582551.5656,130800.6342,-33.42878984219669
258,636.0,192.0,583404.0516,129537.4884,-29.912758477968055
260,293.0,857.0,582718.3949,130867.8171,-16.281446089497877
261,636.0,191.0,583403.9720000001,129536.9147,-30.05611952829304
263,286.0,851.0,582703.8913,130856.8976,-19.774193940751502
264,636.0,188.0,583403.4269,129530.6744,-31.43666590250541
266,893.0,259.0,583918.8434,129672.0196,-40.66257614420374
267,894.0,259.0,583919.9043,129671.9638,-40.6385926310777
268,191.0,410.0,582514.6195,129973.9773,-40.16685707190754
271,237.0,827.0,582605.04,130807.7089,-41.21510615226953
272,1176.0,496.0,584483.5858,130145.4978,-16.53912505401013
273,752.0,79.0,583635.4954,129312.9433,-20.890404287643833
274,636.0,174.0,583403.6091,129502.9488,-28.07656957638028
276,636.0,182.0,583403.309,129517.6826,-29.750343155501014
278,215.0,822.0,582561.5936,130798.1802,-37.58467726196113
279,636.0,177.0,583403.6012,129508.9062,-28.971780639503322
281,280.0,848.0,582692.8109,130849.4014,-25.13488171872541
282,638.0,154.0,583407.3953,129462.8163,-19.976376144549704
284,639.0,149.0,583409.2911,129451.8675,-15.840980653659699
286,637.0,156.0,583406.8889,129466.3513,-21.280451671801075
288,248.0,831.0,582628.3016,130816.8324,-40.75401502114482
290,530.0,618.0,583191.5683,130390.0177,-20.57809890300996
292,890.0,261.0,583911.8365,129675.9208,-40.15402085898768
293,222.0,822.0,582575.6521,130797.6431,-40.436028174460716
294,229.0,824.0,582590.464,130801.0425,-42.20452793792492
295,347.0,886.0,582826.3456,130925.5908,2.7200359933212894
296,637.0,160.0,583405.7561,129473.9035,-25.633314397605318
298,636.0,165.0,583404.5755,129483.1162,-28.483105396152496
300,749.0,85.0,583629.2251,129324.2953,-22.917983832612208
301,236.0,801.0,582604.2553,130756.2252,-48.0741180155037
302,257.0,834.0,582645.5746,130822.7733,-39.023947585582846
303,640.0,140.0,583412.3732,129434.6942,-13.82500135482951
305,275.0,844.0,582682.5213,130842.6104,-31.0257750613423
306,748.0,86.0,583627.554,129326.6974,-22.874184973021784
308,640.0,139.0,583412.6995,129431.4863,-13.533391427133665
311,1176.0,501.0,584483.4554,130155.3322,-15.501260519357857
314,208.0,819.0,582547.625,130792.1125,-33.23435798884566
315,1176.0,502.0,584483.7757,130157.3078,-16.68221922404655
316,885.0,263.0,583901.1788,129679.0528,-40.133363223995275
317,884.0,263.0,583900.3292,129679.3798,-40.37798396395556
318,747.0,88.0,583625.7303,129330.9561,-27.51392522987635
319,240.0,799.0,582612.4509,130752.4211,-45.88455571897475
320,251.0,234.0,582633.3231,129622.4074,-74.5175327927409
322,246.0,798.0,582624.5594,130749.7996,-45.853753726429204
323,351.0,896.0,582834.7888,130945.2342,-1.3979743898566994
324,1304.0,628.0,584740.3713,130409.3555,-20.866912123659404
326,1176.0,506.0,584483.9742,130166.4013,-17.509159414863007
328,338.0,872.0,582807.4325,130897.8737,-0.14550246576573045
329,744.0,94.0,583620.2046,129342.5494,-27.00405617662318
330,737.0,111.0,583605.077,129376.3729,-34.66092008373971
332,743.0,97.0,583617.7344,129347.7777,-29.545738715366497
334,735.0,114.0,583602.1299,129381.9178,-37.02275034151444
335,1421.0,668.0,584974.2371,130489.4818,-48.2269616009321
336,737.0,110.0,583606.4241,129373.0407,-36.81798210087254
337,743.0,96.0,583618.5734,129346.1626,-32.121069884266035
338,521.0,612.0,583174.9201,130377.6726,-27.146711824952035
340,1176.0,508.0,584483.4384,130170.6631,-17.566092733509777
341,335.0,869.0,582802.6615,130891.74900000001,1.2479971336738345
342,1301.0,632.0,584734.3806,130417.9332,-19.148298233054447
344,1176.0,511.0,584483.1828,130176.7524,-17.16082174052599
346,190.0,398.0,582511.2183,129950.132,-36.7375436283387
347,251.0,797.0,582633.8878,130747.0116,-45.52469112988365
348,214.0,814.0,582559.2253,130781.9077,-36.96690306538267
349,731.0,122.0,583594.8883,129398.6144,-40.34210717516089
350,210.0,451.0,582551.2859,130056.3175,-62.758096785707494
352,256.0,240.0,582644.5039,129633.4845,-80.7238741072556
354,731.0,123.0,583594.2698,129400.4058,-41.20649323538055
355,732.0,121.0,583596.0438,129395.5666,-39.999435136697684
357,728.0,130.0,583587.7966,129414.5173,-41.060098343712525
359,732.0,122.0,583595.2223,129397.6548,-41.191990387898386
360,216.0,452.0,582563.0844,130057.0285,-60.60583337235221
362,1176.0,514.0,584483.2179,130181.6999,-19.00374558239946
365,221.0,452.0,582573.6452,130057.7599,-60.45330116362629
367,350.0,889.0,582831.0437,130932.5662,2.8943380857449483
368,726.0,133.0,583584.8122,129420.8935,-43.86955916924762
369,1175.0,516.0,584482.1383,130185.6071,-17.977115158435026
371,727.0,133.0,583585.1227,129420.134,-45.79334375894223
372,516.0,609.0,583163.2588,130372.1571,-31.786011583457366
374,255.0,795.0,582641.4011,130744.7277,-47.051453231618325
375,189.0,393.0,582509.5042,129939.4639,-34.537263863657245
376,726.0,136.0,583583.0758,129425.1417,-44.05230076652606
377,1174.0,520.0,584480.4473,130193.8748,-16.743270396016214
379,226.0,452.0,582584.9326,130057.8842,-61.2776471204088
382,191.0,449.0,582514.079,130051.5952,-63.679699770138996
383,1297.0,639.0,584726.7798,130431.3409,-22.7995070589609
385,192.0,449.0,582515.9384,130051.9706,-65.15328572508315
386,331.0,860.0,582793.0405,130874.5264,0.6895465068887461
387,197.0,450.0,582525.2126,130053.7802,-65.25569927384913
388,954.0,254.0,584039.2764,129662.0024,-33.46277640078597
390,252.0,235.0,582635.0552,129624.3117,-83.87086121035009
392,722.0,144.0,583576.3656,129442.3571,-46.10098019686984
394,220.0,810.0,582571.0317,130774.3579,-41.80643645649525
395,203.0,451.0,582537.5498,130055.8818,-67.3453906113441
396,1417.0,669.0,584966.2177,130491.4343,-45.68693709451827
397,202.0,451.0,582535.4667,130055.5936,-68.07469880720191
398,184.0,446.0,582499.2605,130046.9875,-61.76236362921327
399,1294.0,643.0,584719.7899,130439.1118,-21.668991045044095
401,182.0,446.0,582496.0758,130045.5138,-61.01058724099494
402,207.0,451.0,582546.9401,130056.3128,-65.28610909411509
404,169.0,443.0,582469.1267,130040.0148,-49.34675016464689
405,171.0,443.0,582474.9654,130039.0791,-53.34317489161367
406,711.0,179.0,583553.3838,129512.48599999999,-26.71275219110612
407,174.0,443.0,582479.0679,130039.4768,-55.049775431715716
408,320.0,844.0,582772.7118,130842.4676,-8.363065539474519
409,1319.0,578.0,584770.4927,130310.3654,-27.666930757754017
410,178.0,444.0,582487.0747,130041.9082,-58.79308674048616
411,165.0,444.0,582462.9423,130041.698,-49.08938457967315
412,161.0,445.0,582453.7955,130043.9286,-43.179213732334574
413,949.0,254.0,584029.5099,129662.8977,-33.1371004511916
415,509.0,606.0,583150.1802,130365.3499,-37.76267397012498
419,247.0,231.0,582626.2023,129615.6704,-85.25000596023528
422,187.0,383.0,582506.6382,129920.8396,-28.479371850241932
423,1416.0,669.0,584963.4089,130491.6354,-45.90178082846751
424,716.0,160.0,583564.2392,129473.1085,-46.42960705623909
426,1319.0,581.0,584769.4027,130316.3227,-29.82207597038041
427,245.0,229.0,582622.3291,129612.7306,-85.97608491644132
429,211.0,451.0,582554.4884,130056.2739,-69.80874960281244
430,326.0,853.0,582783.324,130859.2552,-2.206007381920699
431,319.0,840.0,582769.3782,130834.3957,-8.981932475014219
432,213.0,451.0,582558.4857,130056.5293,-69.85904061688325
433,944.0,257.0,584020.1031,129667.0122,-33.13271150466517
435,254.0,792.0,582640.2149,130737.7074,-46.26760980570862
436,224.0,452.0,582579.8531,130057.835,-61.61832335783447
438,217.0,452.0,582566.6714,130057.3956,-70.70353667736617
439,339.0,874.0,582810.1639,130901.8623,-1.0080786254357008
440,638.0,109.0,583407.2762,129371.8006,-24.737898329336986
442,231.0,451.0,582593.4554,130056.8039,-60.81578253518319
444,855.0,271.0,583842.9839,129695.8459,-36.060625356552464
448,225.0,807.0,582581.9353,130768.2916,-48.50550387204157
449,255.0,442.0,582642.7958,130037.2873,-59.675603427774604
451,190.0,432.0,582511.4482,130018.4828,-62.486441918036235
453,223.0,452.0,582578.4001,130057.78300000001,-72.92465416647792
454,1318.0,585.0,584767.7343,130323.1353,-31.796413751901582
455,938.0,257.0,584008.1829,129667.0782,-33.82795823486504
457,238.0,452.0,582608.6397,130057.0107,-61.33818033196394
459,225.0,452.0,582582.5365,130057.8904,-73.16698767581147
460,464.0,405.0,583059.4424,129964.0907,-54.38300923326551
462,248.0,788.0,582628.6232,130729.5181,-45.41110953930047
464,854.0,272.0,583840.4713,129697.1551,-40.21132474060414
465,466.0,397.0,583063.5128,129947.5237,-54.85375770338169
467,638.0,103.0,583408.7373,129359.431,-22.524213479872742
469,136.0,683.0,582403.3217,130520.0894,-28.879390570780743
470,707.0,189.0,583545.6326,129532.8059,-39.436308928472954
473,334.0,866.0,582799.542,130886.4598,-0.6803754002248752
474,246.0,449.0,582623.1717,130052.0913,-61.86869032327286
476,468.0,386.0,583068.3094,129925.5733,-56.9430800391865
478,756.0,67.0,583644.415,129288.2498,-17.529093207998358
480,497.0,598.0,583126.1112,130350.6833,-45.02699326054653
482,473.0,370.0,583078.3635,129893.7276,-54.401761964033085
484,754.0,76.0,583639.6791,129305.2677,-18.194367630977922
487,932.0,257.0,583995.4083,129668.3082,-37.37202952339794
489,705.0,192.0,583542.7959,129538.59300000001,-39.73529935570468
490,236.0,451.0,582604.3452,130056.7923,-79.18048618204784
491,260.0,436.0,582652.1403,130026.6381,-60.01001984146296
493,641.0,96.0,583413.2986,129346.0261,-21.617786490781327
495,704.0,195.0,583539.9607,129544.9146,-34.892348211058106
496,243.0,783.0,582617.2127,130720.6598,-45.76453193653015
497,1410.0,669.0,584952.9635,130491.6943,-46.13774089119215
498,476.0,356.0,583084.9003,129865.6086,-50.790932760627584
500,848.0,274.0,583828.1835,129702.9529,-31.77926452428028
502,645.0,86.0,583421.8777,129326.7098,-21.671277645398277
504,139.0,678.0,582409.1881,130509.5801,-32.523573437780215
505,263.0,433.0,582657.0473,130019.7254,-60.06016226627207
507,252.0,445.0,582635.1149,130044.2708,-64.26886240888007
509,330.0,859.0,582791.7711,130872.1953,-0.9352956748034558
510,1317.0,593.0,584766.5609,130339.7957,-36.18945126600829
511,925.0,257.0,583981.8748,129668.2506,-37.53522428791257
513,847.0,275.0,583825.5976,129703.8726,-35.294864124420656
514,141.0,674.0,582413.7642,130501.56,-34.061447721531295
515,236.0,779.0,582604.0135,130712.2157,-46.10462577421413
516,232.0,803.0,582596.4817,130759.0176,-48.907968835788324
517,702.0,200.0,583535.8072,129553.8513,-32.78748485394317
519,192.0,374.0,582516.4948,129901.0257,-23.774449227567402
520,143.0,668.0,582418.6,130490.6896,-34.8593665172325
521,647.0,79.0,583426.3326,129312.2212,-20.002265159588205
523,265.0,428.0,582661.0604,130010.7921,-61.58468531137942
527,529.0,617.0,583189.6704,130387.7724,-21.192689203224745
529,453.0,405.0,583038.8933,129963.2342,-56.28646528748368
531,256.0,441.0,582644.2422,130035.6057,-65.83534284897769
533,1281.0,661.0,584694.2564,130475.8178,-46.124323305947655
535,701.0,201.0,583534.8577,129555.9463,-34.47525275791486
536,919.0,257.0,583969.9889,129668.614,-37.96991545283254
538,1407.0,669.0,584945.9891,130491.39,-47.484155131928674
539,249.0,447.0,582630.1295,130047.9352,-85.50695559099495
540,231.0,776.0,582594.5827,130706.3022,-48.35739639011035
542,147.0,662.0,582426.9133,130477.78,-35.01871127751156
543,649.0,74.0,583429.8233,129301.2822,-18.8481706284515
545,679.0,446.0,583490.8208,130045.2321,-92.29505746655286
547,312.0,823.0,582755.5911,130799.51199999999,-15.680480741512838
548,487.0,592.0,583105.7358,130338.0321,-52.736015942901304
550,227.0,774.0,582586.8979999999,130701.6733,-46.5208419464775
551,224.0,772.0,582580.0678,130697.7298,-45.97330953983328
553,842.0,277.0,583815.4871,129707.3883,-32.16921615738556
555,739.0,106.0,583609.2656,129366.0475,-32.84648731101879
559,699.0,209.0,583530.1025,129571.2274,-29.118214877957143
560,742.0,98.0,583616.4053,129350.0468,-29.24340195460536
562,523.0,612.0,583177.0787,130378.8668,-23.567653819904535
564,736.0,111.0,583604.8234,129376.8738,-35.441938247959115
566,316.0,835.0,582764.0754,130823.1057,-5.4308307588780735
567,1277.0,667.0,584686.2283,130487.1938,-50.11041047061417
569,153.0,652.0,582438.5376,130458.9855,-31.55148005373576
570,261.0,435.0,582654.4082,130023.7312,-64.87432110894724
572,1404.0,668.0,584940.5556,130489.9083,-48.1943290674385
573,909.0,258.0,583949.9505,129669.5094,-37.2458443910441
575,203.0,366.0,582537.2414,129886.2545,-37.55961704678157
577,216.0,766.0,582564.5648,130685.633,-44.62778530898595
578,906.0,104.0,583944.4524,129362.6681,-34.420081187899086
580,653.0,63.0,583438.6216,129279.7678,-15.264984118415668
583,839.0,278.0,583809.9022,129709.5604,-29.185216478701022
585,656.0,57.0,583443.9257,129268.789,-11.571660393462025
587,516.0,220.0,583164.3804,129594.4514,-32.91180090108264
593,521.0,210.0,583174.8437,129574.4837,-32.95679560078497
595,264.0,431.0,582659.0968,130015.3911,-66.3381931625454
597,838.0,278.0,583807.7594,129710.1992,-30.859417120390845
598,158.0,645.0,582448.7139,130444.7644,-30.14470049026886
599,478.0,586.0,583088.6606,130326.8947,-59.78001293918123
601,210.0,763.0,582552.869,130679.4119,-42.375017549861695
602,499.0,263.0,583130.4414,129680.8688,-48.81885237414417
604,502.0,254.0,583135.077,129662.4027,-47.39895199884222
606,309.0,814.0,582749.9764,130781.7302,-19.506735699787896
607,512.0,228.0,583155.2353,129609.1977,-36.001535669865916
611,206.0,362.0,582544.7862,129877.0881,-39.840638542055785
613,207.0,361.0,582545.5207,129876.1843,-39.480988161564255
614,1402.0,667.0,584935.4442,130487.6713,-47.98791795923171
615,517.0,610.0,583165.5725,130373.3021,-27.91952604759763
617,265.0,427.0,582662.5308,130007.5194,-66.32973873845003
619,208.0,761.0,582548.529,130676.0244,-39.1469933831936
620,905.0,109.0,583941.9869,129372.2146,-36.31693189800262
621,504.0,247.0,583139.509,129648.6503,-43.77013813122085
623,697.0,223.0,583526.007,129599.0349,-22.24059666051926
624,1305.0,626.0,584742.6884,130405.8535,-19.96931323211402
625,260.0,437.0,582651.6408,130027.273,-86.42976260831392
626,250.0,797.0,582632.2171,130747.5389,-49.84764729521112
627,825.0,251.0,583781.3125,129656.0037,-33.3458085709417
629,659.0,50.0,583449.3181,129253.2156,-8.610114980891012
631,824.0,249.0,583780.9635,129651.8017,-35.978305095513406
632,697.0,227.0,583525.5655,129607.1694,-18.313618122527714
633,507.0,237.0,583145.0144,129627.339,-40.827628566503336
635,163.0,638.0,582457.4353,130430.0199,-31.941834442319305
636,826.0,258.0,583783.2461,129670.5239,-30.14057666674671
638,226.0,547.0,582583.8026,130247.3841,-48.8262531064197
639,904.0,113.0,583940.3745,129379.8759,-35.25975968127159
641,172.0,623.0,582475.8385,130400.8442,-18.738214767104182
642,895.0,259.0,583921.5341,129671.9882,-38.53560424457237
645,169.0,627.0,582470.6927,130408.4227,-22.37602682649367
646,209.0,358.0,582550.4419,129869.8683,-42.729271295722356
647,234.0,537.0,582599.7317,130227.3377,-52.624631551270795
648,1304.0,629.0,584739.2604,130411.0608,-20.31271426150306
649,167.0,631.0,582465.6087,130415.9352,-27.513668463770955
650,938.0,125.0,584008.0984,129404.9393,-28.5204278808651
652,282.0,396.0,582695.959,129946.5017,-60.63035407815596
654,1400.0,665.0,584931.5516,130484.6433,-48.549570887018035
655,725.0,138.0,583581.4734,129429.7098,-48.153493080067165
657,891.0,260.0,583913.795,129673.7072,-39.18641471774254
659,471.0,582.0,583073.9959,130317.9437,-63.41362747910398
662,239.0,530.0,582609.2299,130213.7839,-55.98081113039461
663,201.0,756.0,582534.0383,130665.5752,-36.446049894215776
664,510.0,606.0,583152.2435,130366.5257,-28.014227515722723
666,824.0,242.0,583780.0155,129637.1312,-43.54372708951905
667,284.0,391.0,582699.9634,129935.1853,-59.1896672543744
669,827.0,265.0,583785.0419,129683.66,-31.800072406899744
670,903.0,120.0,583938.0843,129394.0458,-32.64788483971779
672,933.0,117.0,583998.4208,129387.8419,-30.83378395589625
674,824.0,240.0,583780.1124,129634.43,-42.72932820837741
676,827.0,267.0,583785.7632,129687.1545,-30.840476517480056
679,213.0,353.0,582557.0482,129859.0452,-43.374003790042025
681,243.0,524.0,582618.6019,130201.37400000001,-60.045275924602265
682,547.0,163.0,583226.2021,129479.0825,-33.0506506442307
684,822.0,230.0,583776.9414,129613.5309,-49.03087014962239
686,696.0,237.0,583524.5101,129628.6446,-15.963186859443795
687,286.0,385.0,582704.9903,129924.349,-59.50575150129407
689,1398.0,663.0,584928.9277,130480.0417,-50.69148429560801
690,721.0,146.0,583574.5362,129445.4929,-46.65344596119894
692,824.0,236.0,583779.2578,129625.1492,-46.67745689256844
694,266.0,425.0,582664.0987,130003.5769,-88.22588905256862
695,823.0,233.0,583778.3546,129619.7261,-49.73682935579609
696,827.0,281.0,583786.4843,129715.2043,-21.61128545864358
699,196.0,752.0,582523.3806,130658.1022,-32.42896501701762
701,829.0,280.0,583789.3092,129714.746,-28.047400584204297
703,903.0,123.0,583938.0044,129399.9953,-35.0674511533266
704,718.0,155.0,583567.7546,129463.9231,-46.74548217191159
706,551.0,151.0,583233.3027,129455.2163,-31.822434243213593
708,829.0,274.0,583790.061,129702.7085,-28.60213605860372
710,538.0,171.0,583208.0568,129496.9714,-34.909131816000354
712,1299.0,636.0,584730.3523,130425.47,-21.40639589551529
714,715.0,163.0,583562.4989,129479.2385,-46.90148027912892
717,215.0,348.0,582562.0262,129849.439,-45.70540459247786
719,1398.0,660.0,584927.2806,130474.4717,-50.88845134987787
720,290.0,379.0,582711.806,129911.4991,-58.373741772286394
722,713.0,171.0,583557.2370000001,129495.5302,-47.52076444226941
724,696.0,245.0,583524.3489999999,129644.79,-15.270140720370819
725,503.0,602.0,583137.3182,130357.6023,-31.12672356202711
727,811.0,128.0,583753.6325,129410.6586,-45.01160826371324
729,710.0,180.0,583552.5678,129514.7099,-43.96183451977777
731,186.0,746.0,582503.4666,130645.6329,-29.271190145799665
732,1397.0,658.0,584925.9356,130469.8949,-52.287943555217225
733,281.0,399.0,582693.8347,129951.1745,-68.62915064450408
735,217.0,345.0,582565.9121,129844.085,-49.362134294250154
736,218.0,344.0,582567.4066,129841.9089,-47.36067704984862
738,812.0,132.0,583755.6442,129417.8738,-43.48227226490508
740,807.0,109.0,583745.8606,129372.2836,-41.365410865226295
743,805.0,102.0,583741.5954,129357.7213,-41.508795811254004
745,821.0,216.0,583773.3163,129585.1144,-50.29182668869635
747,489.0,55.0,583110.2373,129264.8778,2.155871741329065
749,808.0,115.0,583747.9598,129383.4235,-42.75667417446084
751,803.0,95.0,583737.809,129343.864,-39.21400997611272
753,499.0,599.0,583129.7824,130352.8879,-30.662241619481392
755,806.0,106.0,583743.5029,129365.0354,-42.013806773911256
756,803.0,96.0,583738.4039,129346.9069,-40.69155196123711
757,809.0,122.0,583750.1928,129397.4982,-44.69136300959872
760,809.0,121.0,583750.0313,129396.4283,-45.41466868798807
761,831.0,285.0,583793.0947,129723.9524,-27.85662522074017
763,309.0,815.0,582750.5645,130783.8867,-19.41356821178988
764,558.0,129.0,583248.1732,129411.7439,-32.91123500278081
766,1293.0,644.0,584718.1499,130441.319,-22.969891472042946
767,802.0,90.0,583736.328,129333.5645,-40.391972207792605
769,488.0,57.0,583107.0074,129267.5391,1.7106746237350308
770,820.0,201.0,583771.2523,129556.882,-48.563061727891636
772,820.0,209.0,583772.1721,129571.0049,-49.82287123505557
774,820.0,203.0,583771.2763,129559.0737,-49.275800881443956
775,181.0,743.0,582494.9999,130639.7994,-29.305999979160788
776,255.0,507.0,582642.8286,130167.8145,-67.7669985117941
777,802.0,89.0,583735.9522,129331.6162,-40.90497317409336
780,486.0,58.0,583104.9077,129269.3689,3.234791731568748
782,819.0,196.0,583769.7789,129545.77900000001,-47.540294003940744
786,661.0,428.0,583453.5403,130009.3782,-94.20474732555249
788,707.0,190.0,583545.3915,129533.2546,-38.86678750502324
791,801.0,83.0,583734.3359,129320.7493,-39.86466757636708
793,220.0,340.0,582571.3967,129834.681,-50.46980651107788
795,800.0,79.0,583732.4008,129311.6306,-35.4968299818388
797,818.0,283.0,583768.6854,129719.6153,-17.905342999939876
799,833.0,294.0,583798.6824,129742.4699,-26.353605924763997
800,819.0,188.0,583769.275,129530.4221,-45.663818191729206
803,286.0,386.0,582703.7916,129926.0532,-64.67412980348854
805,818.0,181.0,583767.9232,129516.8422,-44.16566686762417
807,249.0,788.0,582629.3556,130730.084,-47.338445567047984
808,819.0,187.0,583769.2707,129527.7082,-46.80323113263057
809,258.0,502.0,582648.9994,130158.6982,-67.59917956963636
810,834.0,301.0,583800.5948,129756.8045,-25.56529982315533
812,644.0,280.0,583420.5331,129714.0621,-45.24405919360015
813,178.0,741.0,582487.6985,130635.3707,-29.014998067538727
814,817.0,177.0,583766.9611,129508.3391,-44.79174665661321
815,644.0,258.0,583420.6954,129669.2248,-42.66650420306951
816,654.0,40.0,583439.0502,129233.1107,19.562230015997557
817,901.0,130.0,583933.6259,129413.5471,-33.206261099956464
819,817.0,174.0,583766.1997,129501.05,-44.085243187868855
821,1394.0,652.0,584919.5909,130457.7808,-51.74715730039998
822,799.0,76.0,583730.3226,129305.0888,-34.9532062629778
823,493.0,596.0,583118.3596,130345.6018,-33.64612641198664
825,644.0,292.0,583419.7295,129738.2287,-50.74092968761124
826,813.0,141.0,583758.7287,129436.4924,-42.03059964784825
828,644.0,299.0,583419.9423,129751.291,-52.96873820000337
829,816.0,162.0,583763.6468,129477.01699999999,-43.7305195585036
831,816.0,168.0,583764.637,129489.0099,-45.17668428287334
832,816.0,166.0,583764.3181,129485.4342,-44.881320559258256
834,1291.0,647.0,584714.4592,130447.5896,-28.216086289520263
835,798.0,74.0,583728.9186,129301.4199,-32.87036240036696
837,482.0,61.0,583095.7659,129276.744,3.0592291195894177
838,813.0,140.0,583758.5125,129434.7528,-45.08328620656903
839,814.0,148.0,583760.7333,129450.7216,-42.32984530705062
841,481.0,62.0,583094.3582,129277.8897,4.205556013974274
843,816.0,157.0,583763.2283,129467.2282,-45.11725539470217
844,798.0,69.0,583728.0844,129292.5503,-30.94091014418109
846,908.0,99.0,583948.7706,129351.5137,-35.6423835023179
848,815.0,154.0,583762.2638,129461.6776,-43.50459819206117
851,307.0,808.0,582746.2768,130770.6717,-25.699580658304058
852,634.0,357.0,583400.5157,129868.3876,-80.91981297892426
853,1068.0,522.0,584267.0408,130198.3433,-26.244491383847162
855,797.0,67.0,583726.6547,129288.2114,-29.61252648276286
856,264.0,494.0,582659.1143,130142.985,-66.10953892120733
857,192.0,197.0,582516.6921,129548.6883,-82.4985158683271
859,575.0,94.0,583282.4959,129342.6703,-28.267767722067674
863,479.0,64.0,583089.3162,129281.1213,3.908971180386743
864,901.0,135.0,583933.4546,129423.6764,-35.21248722044629
865,223.0,335.0,582578.2,129824.645,-54.03380645203197
866,901.0,138.0,583934.7355,129429.4453,-34.183549339215006
868,1286.0,653.0,584704.3608,130460.1584,-21.305617579343107
869,1290.0,649.0,584711.8357,130451.6776,-30.298952835245018
870,1288.0,651.0,584708.0951,130455.1173,-27.228792792389413
871,1392.0,650.0,584915.55,130453.0187,-52.48571586691014
872,477.0,65.0,583085.1039999999,129283.5759,3.6466359969140285
873,1285.0,655.0,584701.1892,130464.6236,-19.86411055364988
874,476.0,65.0,583083.1009,129284.8994,5.0952174147932965
876,1063.0,510.0,584257.6355,130173.2513,-29.296930981487094
879,242.0,783.0,582616.7123,130720.3424,-47.1905653094409
880,629.0,366.0,583389.8994,129886.2946,-87.97112920243808
881,812.0,284.0,583755.8620000001,129721.8113,-18.399908391524605
882,1062.0,509.0,584256.6254,130172.2234,-29.60157233179507
884,1282.0,659.0,584696.8714,130472.5583,-17.02503957330373
885,292.0,372.0,582716.443,129898.8646,-65.72452283863822
887,636.0,197.0,583404.9926,129547.6225,-29.809611284438233
890,636.0,194.0,583404.6399,129542.8106,-29.605767988936805
892,636.0,196.0,583404.9497,129546.9756,-30.232419648731593
893,1059.0,505.0,584250.5878,130163.8819,-27.93961444830711
897,581.0,83.0,583293.7163,129319.6401,-27.603006807241854
899,902.0,145.0,583936.4831,129444.9812,-33.51811823839898
901,162.0,202.0,582456.5891,129557.8385,-32.68122282779905
903,1389.0,649.0,584909.5393,130451.7067,-51.26871113672996
904,636.0,187.0,583403.2983,129527.4784,-31.14966910165549
906,696.0,252.0,583524.281,129657.1249,-51.706403552012944
907,793.0,66.0,583718.31,129285.3387,-28.15043254714601
908,902.0,147.0,583935.9624,129447.0535,-34.4159526475396
909,810.0,284.0,583751.42,129722.5754,-18.885084900777656
910,652.0,422.0,583435.6328,129997.8898,-95.45778722220439
912,615.0,396.0,583361.2533,129946.4811,-96.30028559597986
913,636.0,186.0,583403.2784,129526.636,-32.599582838011884
914,636.0,178.0,583403.5207,129510.5746,-29.04067206829086
916,1051.0,492.0,584233.8959,130137.8002,-23.216479981719658
918,488.0,56.0,583108.4804,129266.3268,-39.18040872113852
921,609.0,411.0,583349.9293,129975.4274,-101.0252216120407
922,638.0,151.0,583408.4247,129456.102,-18.03351377953868
924,636.0,169.0,583403.8318,129491.7752,-26.924428548635206
926,472.0,69.0,583075.828,129291.1544,2.3597852409152438
928,1053.0,498.0,584238.4154,130149.0165,-26.070523304300423
930,905.0,107.0,583942.179,129368.8814,-34.57781994741799
932,296.0,365.0,582723.7018,129884.1982,-65.68343713020022
934,471.0,69.0,583074.8061,129292.0238,2.543709938441225
936,637.0,158.0,583406.53,129469.1821,-22.805061960290914
939,641.0,131.0,583413.1839,129416.0523,-13.143335588961236
942,1055.0,502.0,584242.4873,130158.6057,-28.25888514957569
943,587.0,72.0,583305.65,129298.7664,-28.517721332007113
945,470.0,71.0,583071.3871,129295.2954,5.348091909261257
947,470.0,70.0,583072.8477,129293.83099999999,2.2703209779074314
950,637.0,161.0,583405.4071,129476.0344,-27.646806422072586
952,637.0,162.0,583405.184,129477.6886,-28.24020898374556
954,297.0,362.0,582726.2303,129877.0689,-63.90414373141539
956,640.0,141.0,583412.2546,129435.5574,-15.45952181973189
957,591.0,67.0,583314.2905,129287.1977,-26.268258161500853
959,692.0,274.0,583516.4034,129701.4184,-22.000238081727275
960,1040.0,461.0,584212.6721,130075.6364,-22.603184099769805
961,693.0,292.0,583517.4817,129737.2048,-25.53638703365914
962,1058.0,649.0,584248.7451,130452.0785,-90.70646156102703
964,640.0,138.0,583412.8049,129430.0655,-15.359692036643537
965,944.0,183.0,584020.1864,129520.0663,-16.322941419125073
967,698.0,210.0,583528.9373,129574.9469,-28.654206258401246
969,304.0,351.0,582740.6441,129856.258,-56.26648642498685
971,229.0,775.0,582590.5736,130703.8214,-48.93851419007569
972,1277.0,666.0,584686.98,130486.2071,-22.939160579984673
973,905.0,112.0,583941.3357,129378.4281,-35.298928852925656
975,301.0,356.0,582733.5779,129866.6106,-59.231976654603386
977,947.0,191.0,584026.1204,129535.0336,-14.89574859345339
979,293.0,371.0,582717.3649,129896.7762,-87.88228863321046
980,1057.0,639.0,584246.0614,130431.8997,-84.66892429227255
982,307.0,346.0,582746.3374,129846.5926,-53.61832391949656
984,1386.0,652.0,584904.139,130458.1373,-51.01871704896348
985,900.0,156.0,583932.3061,129465.9377,-30.279243213881273
987,640.0,127.0,583412.4208,129408.0126,-14.024094196872284
988,1235.0,658.0,584602.6719,130469.9444,-12.12436059052061
990,941.0,178.0,584013.3238,129510.6845,-18.570085684549213
992,1037.0,422.0,584205.9841,129997.9371,-10.312413360307346
993,641.0,43.0,583413.5592,129239.8526,19.59967223565809
994,466.0,74.0,583063.3154,129302.6378,8.083303061248898
995,1056.0,631.0,584243.1872,130416.7505,-78.44482114099083
997,949.0,196.0,584029.1205,129546.0189,-16.692482068694062
999,1036.0,420.0,584204.0135,129994.8243,-9.649101045456064
1003,465.0,75.0,583062.5701,129303.1043,7.2961830634531
1005,900.0,158.0,583931.4798,129470.2858,-31.33979052881068
1006,232.0,322.0,582595.6325,129797.1735,-49.9694592802166
1008,464.0,75.0,583060.6428,129304.1842,7.486620243759717
1009,942.0,481.0,584016.5615,130116.3537,-39.03945281788447
1011,639.0,125.0,583410.1217,129403.9748,-12.741888097823448
1012,303.0,797.0,582738.665,130748.1558,-30.962255015702794
1013,595.0,58.0,583322.897,129270.1605,-26.557753514097385
1017,219.0,768.0,582570.4795,130690.0692,-46.43079747190268
1018,1036.0,449.0,584203.8285,130051.9504,-19.798033249755917
1019,697.0,222.0,583526.0160000001,129597.9209,-20.926867638032945
1021,215.0,765.0,582561.1103,130683.5851,-44.98532074052628
1022,952.0,204.0,584035.004,129562.7682,-18.856210538567666
1024,789.0,66.0,583709.6667,129285.4038,-32.24291867447346
1026,970.0,274.0,584072.554,129701.7789,-28.792962944500232
1028,788.0,66.0,583707.1533,129285.1734,-24.80577802285734
1029,635.0,46.0,583401.9063,129245.1351,17.603783560869488
1030,1053.0,622.0,584238.3481,130398.821,-75.47842526977001
1032,305.0,350.0,582742.0073,129853.7106,-76.27468399015925
1033,638.0,123.0,583407.5335,129400.7932,-12.624638186969605
1035,1052.0,615.0,584236.4345,130384.8908,-71.26400547999083
1037,1031.0,412.0,584193.9107,129977.3055,-9.927871294876695
1039,1079.0,621.0,584289.2562,130395.743,-50.26798191580792
1040,549.0,155.0,583229.089,129464.3131,-33.16286220587472
1042,1383.0,656.0,584898.4123,130465.2163,-50.70012399746656
1043,903.0,169.0,583938.9627,129491.844,-31.824310060157586
1045,303.0,788.0,582737.1059,130730.5835,-34.524354096637126
1046,1080.0,619.0,584291.2746,130392.075,-53.599546642478344
1047,1033.0,440.0,584197.7185,130033.8551,-14.11368758354547
1049,1030.0,410.0,584191.6731,129974.0021,-11.327494503991147
1052,544.0,165.0,583220.1831,129484.6968,-34.86900345972526
1054,159.0,196.0,582449.5134,129546.1367,-27.635464524623785
1056,1064.0,511.0,584260.5827,130176.8512,-24.869354751380797
1058,954.0,212.0,584039.131,129578.1731,-20.269024496290513
1060,188.0,385.0,582507.2237,129924.8002,-99.50011350644309
1062,1033.0,439.0,584197.2197,130032.2513,-15.778583316409822
1063,939.0,486.0,584009.293,130126.2192,-39.875358804254574
1065,460.0,78.0,583051.2851,129309.5854,10.138732668746798
1066,209.0,762.0,582550.6904,130677.7206,-43.02497290642759
1067,459.0,78.0,583050.9389,129309.7947,9.86743340051271
1069,1081.0,615.0,584294.6255,130384.3579,-58.637147657785135
1070,905.0,268.0,583942.5553,129690.4022,-35.78725294148262
1071,537.0,173.0,583205.0561,129500.4407,-33.89737725369059
1073,904.0,172.0,583939.9527,129498.5846,-32.07975674388854
1074,598.0,51.0,583327.8806,129256.6685,-24.70400929003108
1076,966.0,266.0,584063.8315,129686.6025,-30.29015419587904
1078,926.0,651.0,583984.1689,130456.2688,-14.012724767435884
1080,1050.0,608.0,584232.8694,130370.1587,-67.26423683097664
1082,235.0,318.0,582601.131,129790.0734,-48.242538749357664
1084,905.0,272.0,583942.8761,129697.0892,-37.762504952333074
1086,1342.0,680.0,584815.6056,130514.0685,-31.63657523710799
1087,181.0,189.0,582493.895,129532.3186,-85.1849814201887
1091,552.0,147.0,583236.6087,129448.0551,-34.778530978966955
1095,956.0,223.0,584043.9032,129599.9678,-24.290048900942566
1097,964.0,258.0,584059.5038,129670.2923,-29.098840575967188
1099,1131.0,549.0,584394.1536,130252.959,-38.83618810333337
1101,642.0,42.0,583416.785,129238.9355,-15.274903779403303
1103,204.0,758.0,582540.6766,130670.2316,-39.19528692386075
1104,1274.0,671.0,584679.1832,130495.1334,-23.537506798332743
1105,1082.0,615.0,584295.3076,130383.0006,-57.458631183911166
1107,302.0,739.0,582735.2865,130631.4917,-22.474267390022305
1108,555.0,139.0,583242.324,129432.0087,-35.047603319862446
1110,637.0,119.0,583405.7594,129391.8473,-9.655113929085928
1111,905.0,180.0,583941.807,129513.0274,-30.64456331386782
1113,940.0,135.0,584011.2357,129423.3377,-25.194433026719253
1114,685.0,307.0,583502.1053,129768.32199999999,-28.796488785044858
1115,957.0,230.0,584046.8829999999,129614.9826,-25.40559164995466
1118,935.0,120.0,584002.2758,129393.5873,-31.430804765460834
1120,1086.0,605.0,584304.145,130364.7451,-70.21775200733191
1121,301.0,732.0,582733.2608,130618.2058,-22.06026060211616
1122,905.0,282.0,583942.409,129718.8816,-35.12687258390088
1123,927.0,105.0,583985.7099,129364.6671,-32.47118143590569
1124,905.0,284.0,583942.7393,129721.2189,-33.411672556690064
1126,773.0,602.0,583678.0279,130357.2863,-76.32799252477844
1128,299.0,727.0,582729.3202,130607.9313,-22.27282222370968
1129,637.0,113.0,583406.6577,129379.5405,-4.025275216366026
1130,921.0,653.0,583974.4952,130460.4422,-15.836433826227221
1132,962.0,251.0,584055.5753,129655.1339,-28.839685179586468
1134,696.0,238.0,583524.4056,129629.9175,-15.986494211837453
1136,1379.0,659.0,584890.1421,130471.6581,-47.32551477167408
1137,297.0,722.0,582725.2420000001,130597.1162,-21.493722345685
1138,637.0,112.0,583406.8164,129377.8739,-4.440488977801579
1139,1342.0,676.0,584816.4184,130506.48599999999,-35.767961634439416
1140,187.0,379.0,582505.3865,129911.3983,-101.20682067328653
1142,303.0,777.0,582738.5812,130708.1975,-37.64996762158307
1143,773.0,586.0,583677.5433,130326.6303,-78.47114553517667
1145,959.0,242.0,584050.534,129638.1119,-26.95429244052866
1147,1084.0,609.0,584300.9973,130371.3799,-66.22015517942236
1149,200.0,755.0,582532.5704,130664.5228,-36.650610801802486
1150,773.0,593.0,583677.1337,130339.7823,-76.33683417112888
1152,773.0,590.0,583677.1265,130334.7968,-78.42750438962639
1154,919.0,94.0,583969.4685,129341.2332,-34.62266614483087
1155,773.0,600.0,583677.7062,130353.2259,-75.76513913019016
1157,773.0,578.0,583677.5026,130310.1627,-80.51313361218035
1161,574.0,96.0,583279.9387,129346.8767,-5.642009701294228
1162,773.0,574.0,583677.9010000001,130302.3522,-82.31448054363318
1164,576.0,93.0,583283.3185,129339.8334,-2.5395561805612488
1166,1377.0,660.0,584886.7436,130474.1064,-47.5132705019837
1169,913.0,85.0,583958.5615,129323.32800000001,-34.49851627286034
1170,773.0,572.0,583678.1534,130298.1444,-82.13861723259743
1172,1042.0,465.0,584215.5477,130083.9676,-23.542867394802215
1174,905.0,259.0,583941.9101,129671.6402,-35.98745234363696
1176,917.0,654.0,583965.2624,130462.0435,-15.435924100082048
1178,773.0,597.0,583677.0938,130348.2225,-76.68268806735477
1180,285.0,720.0,582702.4229,130593.4161,-24.026752547113574
1181,1128.0,554.0,584388.8433,130261.9269,-35.58851853278202
1183,334.0,299.0,582799.9473,129752.2297,-50.02490030768831
1185,452.0,83.0,583035.5216,129319.4769,10.11697831080619
1188,1087.0,604.0,584306.0522,130361.5918,-72.19376565640687
1190,578.0,88.0,583288.2859,129329.1865,-0.3959519605709829
1192,408.0,362.0,582948.8756,129878.7192,-81.48615745922825
1194,638.0,107.0,583407.5664,129368.0843,-2.368361230690425
1195,681.0,315.0,583493.2024,129784.8909,-30.276298953950572
1196,150.0,669.0,582431.5668,130492.8761,-38.73144392545282
1197,933.0,494.0,583997.3848,130142.9815,-43.07082142263289
1199,581.0,82.0,583294.5921,129318.0748,1.930998536653533
1201,680.0,317.0,583491.7093,129788.0706,-29.76679740291911
1202,579.0,87.0,583289.2756,129327.0811,-2.1794714684783685
1203,194.0,751.0,582520.5152,130656.36099999999,-33.026212012892756
1204,158.0,667.0,582447.8786,130488.5887,-40.428115478239306
1205,450.0,84.0,583032.9819,129321.1827,8.784788415079674
1206,1039.0,459.0,584210.6334,130071.2536,-21.31827673454427
1208,156.0,668.0,582444.8538,130489.6555,-41.18463094560184
1209,584.0,77.0,583299.9784,129308.9836,3.890302464385968
1211,791.0,296.0,583713.5709,129745.1488,-14.360506301482928
1212,906.0,293.0,583943.3797,129739.2211,-33.967012790634726
1214,1337.0,611.0,584806.6558,130375.7731,-32.73958386906406
1215,240.0,303.0,582612.4333,129759.7535,-54.43481795746857
1217,904.0,252.0,583940.9827,129658.3544,-39.251526068699604
1218,411.0,356.0,582953.3102,129865.2212,-84.35262853919494
1220,631.0,42.0,583393.0623,129237.2515,19.819743437746183
1221,156.0,190.0,582443.2307,129534.4336,-20.416311915197184
1223,585.0,75.0,583302.4027,129304.6887,3.738102162868472
1224,910.0,654.0,583952.0926,130462.5384,-15.395042527646638
1226,147.0,670.0,582425.4067,130493.7088,-38.7483254418994
1227,587.0,73.0,583305.423,129299.1016,5.7059003270378525
1231,781.0,65.0,583693.2342,129283.1193,-22.362185158088323
1232,138.0,675.0,582408.6369,130504.0833,-35.58883686626723
1233,163.0,665.0,582458.4988,130484.9536,-40.5787495077102
1234,189.0,748.0,582509.1317,130649.5447,-29.767652042175087
1235,901.0,132.0,583933.5217,129417.5586,-33.58761993653388
1237,413.0,349.0,582957.6077,129852.1419,-86.70562946676318
1241,337.0,292.0,582805.4646,129737.866,-47.88420255008623
1243,166.0,665.0,582463.4472,130484.0284,-40.494565981565756
1244,141.0,672.0,582413.7866,130498.8699,-37.131253397792534
1245,347.0,534.0,582826.7746,130222.5768,-69.41367614716182
1246,906.0,295.0,583944.9962,129744.4909,-37.36900403833624
1247,439.0,285.0,583010.6485,129724.9964,-81.68574337638393
1249,142.0,672.0,582415.6455,130497.1989,-37.57886240745256
1253,1037.0,452.0,584205.8989,130057.656,-19.35981846635923
1255,346.0,534.0,582824.8823,130222.0878,-70.52606867015584
1256,348.0,534.0,582827.3081,130222.6981,-71.95027875078858
1257,431.0,125.0,582993.5002,129404.8761,-4.076244686790233
1258,782.0,65.0,583695.7592,129283.5501,-36.55928019517614
1260,929.0,498.0,583990.7009,130149.4414,-42.84457353747439
1262,546.0,62.0,583223.6445,129277.5556,4.023031326346427
1263,675.0,328.0,583481.9569,129810.1963,-31.012646497248625
1264,905.0,245.0,583941.1685,129643.7535,-40.860025681646675
1266,170.0,664.0,582471.4692,130481.9569,-43.624083339680965
1267,1235.0,591.0,584601.8377,130335.1009,-12.97522473547906
1268,593.0,64.0,583317.2571,129282.6989,6.085834689591138
1269,792.0,292.0,583715.4155,129737.3739,-33.50834337394144
1271,677.0,326.0,583485.2559,129805.2983,-35.75623068736559
1273,415.0,344.0,582961.7279,129841.4273,-90.53992564882037
1275,639.0,102.0,583409.1706,129357.0477,-1.9861947584854533
1276,427.0,137.0,582985.8555,129428.5941,-0.8685173991816555
1277,944.0,478.0,584019.621,130110.0661,-38.76011280194825
1278,446.0,87.0,583024.307,129328.45,7.651808043353412
1280,1035.0,447.0,584202.4013,130048.2232,-15.562553847706113
1282,418.0,334.0,582968.3115,129822.7886,-88.97465517538103
1284,903.0,655.0,583938.0304,130464.8534,-18.321427261768804
1286,424.0,474.0,582980.0613,130102.6747,-105.09305005948545
1288,902.0,138.0,583935.5989,129430.8987,-33.982879728407624
1290,273.0,716.0,582678.007,130586.1911,-27.131180244380175
1291,1126.0,559.0,584383.0566,130271.4847,-38.70298100529726
1293,242.0,299.0,582615.1632,129752.8573,-55.865507300010904
1295,172.0,664.0,582476.3335,130481.0514,-41.938738178607764
1296,1332.0,602.0,584796.9203,130357.4852,-46.11090125052306
1297,594.0,61.0,583320.2806,129275.636,9.302396383923679
1299,436.0,291.0,583004.4524,129736.8156,-86.62616924972781
1301,1018.0,411.0,584168.8101,129976.3622,-9.257963664258568
1303,1371.0,663.0,584874.733,130480.8968,-48.07597047854824
1304,421.0,326.0,582973.7307,129806.8663,-88.31571908388332
1306,341.0,285.0,582813.0132,129723.0494,-48.061513070000274
1308,431.0,119.0,582994.1825,129391.2907,-3.8181706739601395
1310,904.0,238.0,583940.4096,129629.3466,-40.20044824754723
1311,431.0,116.0,582994.9963,129385.7146,-1.1674259198298387
1312,431.0,126.0,582993.4592,129405.9034,-11.822443902484338
1314,1334.0,607.0,584800.7522,130368.5414,-39.576049512481404
1315,1329.0,596.0,584790.9864,130346.7928,-43.6215935164214
1317,549.0,56.0,583229.8124,129265.7588,1.450381161606856
1318,909.0,309.0,583949.94,129771.7096,-28.78472694610582
1320,1331.0,598.0,584793.676,130350.8485,-46.98865458167347
1322,424.0,471.0,582979.5897,130095.0702,-105.05425747257596
1324,640.0,98.0,583411.3432,129350.4583,-2.033356926218403
1325,1328.0,593.0,584788.0168,130340.9033,-42.162556502660664
1327,431.0,122.0,582993.4505,129398.0559,-8.670110262946764
1329,1338.0,612.0,584808.2189,130378.7529,-50.532534660951114
1331,904.0,235.0,583939.7928,129624.3553,-38.48150741320387
1333,1328.0,594.0,584788.3418,130341.4496,-43.225403314775576
1334,904.0,208.0,583940.8017,129569.5312,-36.545807472663455
1336,1332.0,601.0,584796.4513,130356.48199999999,-51.44745122800941
1338,1340.0,663.0,584811.5434,130480.431,-32.23874011288217
1339,183.0,744.0,582497.0752,130641.0676,-29.27228327607918
1340,1018.0,410.0,584167.565,129974.1896,-12.142460898912304
1341,903.0,143.0,583937.9767,129440.85,-34.633650134832806
1343,1337.0,610.0,584805.7271,130373.3085,-50.6955403707575
1345,432.0,113.0,582995.2619,129379.1386,0.04549632649695923
1347,1330.0,598.0,584792.6808,130349.5184,-48.43873990626116
1348,1327.0,591.0,584785.3258,130335.9265,-36.83922329180905
1349,905.0,209.0,583941.2518,129572.8905,-38.934269179342664
1352,941.0,483.0,584014.0888,130119.7424,-37.682904806057195
1353,643.0,91.0,583418.4189,129335.2445,-1.7894573816420234
1356,551.0,49.0,583234.6942,129251.2561,4.2914514946664895
1357,343.0,280.0,582817.8526,129713.5863,-47.840379864161605
1359,1015.0,405.0,584162.9709,129963.1526,-11.86843300077453
1361,904.0,218.0,583939.7985,129589.6987,-36.308634010328205
1363,1326.0,589.0,584783.9596,130331.9782,-37.23884626915151
1367,895.0,656.0,583922.171,130465.2089,-18.003708712461957
1369,153.0,186.0,582438.9479,129526.29800000001,-17.920188486399184
1371,330.0,173.0,582791.2367,129500.7688,6.099757551502989
1372,429.0,132.0,582990.3059,129418.1399,-13.04046084083484
1374,644.0,88.0,583420.2942,129330.894,-1.7560919375973754
1375,1325.0,586.0,584782.2528,130326.7136,-35.23919156757893
1376,431.0,111.0,582994.7862,129376.1118,-0.26606207373924917
1380,1032.0,439.0,584196.9787,130031.4619,-14.960893155619488
1382,904.0,226.0,583939.2906,129606.9225,-38.25585391931327
1384,1369.0,664.0,584870.8699,130482.6454,-48.61301473261483
1385,175.0,662.0,582482.1337,130477.745,-44.48077879031143
1386,904.0,222.0,583939.6847,129598.6148,-38.82445966717023
1387,426.0,139.0,582984.0682,129432.0687,-12.805316462518476
1389,442.0,90.0,583016.9862,129333.1394,5.735624287337487
1390,1013.0,398.0,584158.5006,129950.6704,-12.534928854000555
1391,646.0,84.0,583423.4512,129322.1802,-0.5217817158963953
1392,425.0,140.0,582982.2169,129434.3113,-13.389054983887036
1393,179.0,660.0,582490.275,130474.7027,-43.84093290854571
1394,178.0,661.0,582487.3251,130475.13900000001,-43.70662634189284
1395,328.0,176.0,582787.4316,129505.5928,3.7857687161035756
1397,1011.0,394.0,584154.5811,129941.5492,-11.928918921024433
1399,424.0,463.0,582979.7509,130080.6516,-104.39054087789509
1401,790.0,301.0,583711.2843,129755.9105,-34.11276077143157
1403,554.0,38.0,583240.2143,129229.6549,8.105404374331556
1404,936.0,414.0,584003.6007,129982.9439,-24.26260603162291
1405,304.0,755.0,582740.1271,130663.7455,-30.049156639053763
1406,574.0,600.0,583279.9141,130354.6312,-57.972226629598936
1408,789.0,307.0,583710.0894,129768.3765,-27.399525657318463
1411,901.0,149.0,583934.8106,129451.4988,-32.99022180625434
1413,345.0,276.0,582822.1936,129705.0661,-50.38731920376222
1415,264.0,715.0,582659.4477,130583.27,-31.870595508104998
1416,670.0,340.0,583472.654,129834.2968,-45.04288787303267
1417,776.0,64.0,583684.2533,129281.9075,-20.20047420128003
1418,596.0,55.0,583324.9533,129264.2934,6.181384995526514
1419,169.0,708.0,582470.1918,130569.5031,-35.68457614098361
1420,789.0,308.0,583709.991,129770.6493,-28.19898533555852
1421,440.0,91.0,583011.0883,129336.9025,6.476071575250444
1423,938.0,422.0,584008.1308,129998.2848,-27.234559074725894
1425,181.0,660.0,582494.5655,130474.1871,-42.919862201141314
1426,890.0,654.0,583912.6009,130462.6444,-20.377493651040368
1427,942.0,471.0,584016.5267,130095.8582,-38.531616716535154
1429,1323.0,583.0,584778.9625,130319.3168,-33.790452330343214
1431,244.0,294.0,582620.1601,129742.0752,-52.36029926077981
1433,925.0,502.0,583981.4248,130158.1509,-44.56126497155492
1435,176.0,739.0,582483.6461,130632.3288,-28.41833628586255
1436,1251.0,669.0,584634.8754,130491.3649,-22.07225599588446
1437,616.0,402.0,583363.0932,129957.2274,-98.17946478147041
1439,303.0,747.0,582738.2642,130647.1238,-24.16343943512902
1440,439.0,92.0,583009.9316,129337.7233,6.004027464866795
1441,597.0,54.0,583325.5414,129262.3088,7.296971618189218
1443,1234.0,580.0,584600.0704,130313.3388,-37.8256515993362
1445,422.0,143.0,582975.3253,129440.9147,-15.35274779270685
1447,182.0,660.0,582495.9387,130473.5865,-43.340319537370306
1448,934.0,150.0,583999.9481,129453.9721,-21.576648223852317
1449,996.0,350.0,584124.7906,129854.3109,1.9582316472242383
1451,1324.0,583.0,584779.1984,130319.734,-36.2462051966063
1453,938.0,487.0,584007.8944,130128.3127,-39.3497886590344
1454,197.0,371.0,582525.4757,129896.8574,-99.32107130184022
1456,173.0,709.0,582478.2104,130572.8205,-36.67839051445799
1457,942.0,470.0,584015.7694,130093.121,-40.52754106103475
1458,996.0,348.0,584124.2837,129850.5047,1.2447330613067606
1459,432.0,105.0,582995.8997,129363.5688,1.5455369663122838
1462,201.0,368.0,582534.4488,129889.2776,-98.14329529287488
1464,908.0,319.0,583948.7423,129792.1209,-30.144455394082343
1466,1008.0,386.0,584147.311,129926.1834,-10.693959714762968
1468,1235.0,587.0,584601.2654,130328.3106,-41.28088604235336
1470,1121.0,564.0,584373.8724,130281.0681,-39.65494011066221
1472,940.0,460.0,584012.5166,130073.6583,-39.91924331846258
1474,888.0,654.0,583907.1506,130462.668,-21.244431549027468
1476,187.0,658.0,582505.1167,130469.9298,-41.764498842638204
1477,425.0,454.0,582982.6099,130062.6412,-104.03673990358402
1479,301.0,735.0,582734.0083,130624.4247,-24.034584120499403
1480,188.0,657.0,582508.429,130468.8979,-39.900536422247114
1481,938.0,433.0,584008.8708,130020.1674,-35.59019914641431
1484,613.0,394.0,583358.1974,129941.0874,-98.26948383402532
1486,937.0,439.0,584005.7123,130032.4081,-31.43610526936436
1488,348.0,270.0,582827.1529,129694.3857,-52.92011593339021
1490,330.0,530.0,582792.1098,130213.45,-69.90156608581174
1492,179.0,710.0,582489.3317,130574.3649,-38.750596881392084
1493,1006.0,383.0,584144.7021,129920.2712,-11.789165859450804
1494,170.0,736.0,582472.839,130625.81199999999,-25.919635778110205
1496,1364.0,668.0,584860.9523,130490.4447,-45.19993215936438
1498,1224.0,566.0,584579.0389,130285.1119,-13.151462487649042
1499,432.0,103.0,582995.94,129360.3195,0.09694175420327156
1500,347.0,272.0,582825.3984,129697.7853,-56.76253199415032
1503,1248.0,668.0,584627.4795,130489.9432,-17.76058678691561
1504,325.0,178.0,582782.346,129509.1616,1.7269740889419154
1506,1000.0,371.0,584132.4512,129895.2022,-7.992175038603364
1508,324.0,179.0,582779.3597,129511.0464,2.5033787740730986
1510,592.0,65.0,583316.1554,129284.5889,-25.916721616995346
1512,940.0,484.0,584012.4698,130121.7273,-39.11001143691328
1514,348.0,269.0,582828.6261,129691.5822,-55.365416799523246
1516,321.0,180.0,582774.2725,129514.7015,0.33804344486543414
1518,1227.0,572.0,584586.9839,130298.4912,-32.18800434445802
1520,788.0,313.0,583708.6625,129779.6806,-33.6041082710085
1522,667.0,350.0,583465.9133,129853.9112,-55.16695477810981
1523,996.0,354.0,584123.8489,129862.4473,-1.9596976274146982
1525,599.0,49.0,583330.0111,129251.2566,10.53981602314434
1526,413.0,150.0,582958.8377,129454.7037,-3.642155807422114
1527,1001.0,373.0,584134.7982,129900.097,-10.540783038259178
1529,1322.0,580.0,584775.5625,130314.5157,-32.14336860115236
1531,292.0,721.0,582716.7768,130595.8905,-24.32567621339058
1532,883.0,656.0,583898.3935,130466.3149,-23.44342262389273
1534,326.0,531.0,582783.4345,130215.6883,-69.25264652328224
1535,192.0,656.0,582516.7376,130466.4081,-41.03860389849751
1536,664.0,357.0,583460.6981,129867.9258,-57.7024546950679
1537,205.0,363.0,582542.6986,129879.7561,-96.57803513000044
1540,611.0,387.0,583353.9994,129927.097,-97.29928199365622
1542,996.0,356.0,584124.2928,129865.6986,-3.328125487972102
1543,552.0,48.0,583235.1733,129249.7382,-18.710753807290985
1545,572.0,592.0,583276.2429,130338.8437,-64.18690603069581
1548,900.0,157.0,583932.0874,129467.3744,-29.96906160274284
1550,625.0,37.0,583381.6477,129228.0567,24.178600974393248
1551,319.0,183.0,582769.0377,129519.2083,-2.5827100953597437
1553,882.0,656.0,583895.8004,130466.7725,-24.294700439545522
1554,190.0,711.0,582511.3257,130576.9766,-41.78096624958698
1555,351.0,264.0,582833.0521,129681.3167,-53.84177792729042
1557,933.0,427.0,583998.9833,130008.6621,-31.222888529185184
1558,998.0,363.0,584127.2779,129879.1126,-5.256912569010183
1560,418.0,147.0,582967.4813,129448.1903,-18.859118442132967
1562,194.0,656.0,582519.4196,130465.51400000001,-40.25676865772584
1563,154.0,723.0,582439.0889,130600.5804,-28.821821682468
1564,184.0,711.0,582500.3461,130576.561,-40.0369862284756
1565,323.0,532.0,582778.1334,130217.5418,-68.98648668012993
1566,253.0,712.0,582638.0504,130578.1676,-34.61624658186793
1567,322.0,532.0,582776.8056,130218.0409,-68.30892169838626
1568,350.0,265.0,582832.1866,129683.2968,-56.23702245854338
1570,788.0,318.0,583707.1636,129789.7552,-34.006429509522604
1571,663.0,366.0,583457.0896,129885.4556,-63.13975039072693
1572,552.0,45.0,583236.5829,129244.8514,-19.48701214616767
1574,1337.0,649.0,584806.3847,130451.0026,-27.652944874563673
1575,198.0,712.0,582527.7127,130577.5953,-40.21886405278792
1576,990.0,317.0,584111.9275,129788.4749,2.816200121276779
1577,989.0,311.0,584109.644,129775.0332,-2.176684156378087
1579,692.0,275.0,583516.1222,129704.4935,-11.38591639800552
1581,998.0,364.0,584127.6691,129881.3613,-8.249025521916337
1584,196.0,655.0,582523.8858,130463.9873,-38.99686611238258
1585,1362.0,670.0,584855.8767,130494.1649,-45.66686389112283
1588,320.0,533.0,582772.2306,130220.0625,-67.35271514464421
1589,164.0,732.0,582459.2522,130618.7205,-26.167217004335726
1590,284.0,720.0,582700.7546,130593.1336,-25.560013477759185
1591,435.0,94.0,583001.8766,129342.7437,3.6238824361057596
1592,989.0,308.0,584109.0274,129770.4136,-5.810004986131844
1593,650.0,71.0,583431.4639,129295.6742,1.421577144899402
1594,787.0,319.0,583706.9275,129792.8363,-35.69150861249909
1596,351.0,261.0,582834.9728,129675.9132,-56.149084253335786
1598,1339.0,661.0,584810.6086,130475.0503,-59.35049572411208
1600,929.0,412.0,583990.5994,129977.9866,-29.9299493736803
1602,324.0,532.0,582779.5072,130217.0191,-71.57104678849373
1603,987.0,303.0,584106.6476,129759.1604,-10.328955794383091
1605,559.0,21.0,583250.2304,129196.0805,12.851088423406054
1606,353.0,257.0,582837.2633,129668.7653,-54.317565473440936
1608,316.0,184.0,582764.459,129522.5683,-6.273259093516117
1610,315.0,537.0,582762.1221,130227.2151,-64.72263268835695
1613,991.0,327.0,584114.3535,129808.3665,5.7213565020233546
1614,246.0,287.0,582624.9222,129727.0912,-47.6884170002545
1616,927.0,414.0,583985.0954,129981.1916,-23.918903524521284
1617,787.0,322.0,583706.5091,129797.7531,-35.67692022914116
1618,876.0,659.0,583883.5584,130472.7096,-22.50351715066199
1620,985.0,287.0,584101.2712,129728.0189,-21.939533309927356
1622,203.0,712.0,582538.5195,130578.4387,-41.176417091523945
1623,986.0,300.0,584104.9976,129754.2422,-13.855775767971409
1624,875.0,659.0,583881.5452,130472.4465,-22.1365216680947
1625,595.0,59.0,583321.7464,129272.4163,-27.267022159661337
1627,985.0,288.0,584101.5438,129730.1092,-22.337408968721775
1628,1223.0,565.0,584578.9292,130284.683,-27.903597351915323
1630,984.0,278.0,584100.6945,129709.2907,-26.043538710174744
1631,199.0,654.0,582529.2779999999,130462.3866,-39.890431817631
1632,416.0,148.0,582964.3842,129450.0045,-22.911335362928185
1633,693.0,288.0,583517.7122,129730.9689,-16.754901549006718
1635,985.0,293.0,584102.3129,129739.2781,-17.979445320790546
1637,787.0,325.0,583706.3566,129804.4635,-34.12052668063916
1639,554.0,41.0,583239.0539,129235.4331,-22.522694374582443
1643,314.0,537.0,582760.1279,130227.8238,-65.97963007864018
1644,787.0,326.0,583706.3593,129806.6781,-33.47721657221791
1647,317.0,535.0,582765.4870000001,130224.7476,-66.6278518365607
1648,1336.0,646.0,584803.6162,130446.2051,-28.373032361628702
1649,158.0,729.0,582448.155,130611.4617,-25.143505693178213
1650,211.0,712.0,582553.0897,130577.0942,-42.26024853775925
1652,651.0,67.0,583433.5737,129288.6471,3.762541584797873
1653,1117.0,568.0,584365.9698,130289.1201,-43.9889391290958
1656,903.0,165.0,583937.2089,129484.0949,-31.721837203800078
1658,353.0,254.0,582838.793,129662.2461,-55.55551471169565
1660,1359.0,672.0,584849.9583,130498.9704,-42.66010721943803
1661,601.0,42.0,583334.5005,129238.2607,15.535778431182734
1662,982.0,275.0,584096.8738,129703.9893,-24.07648670537901
1665,1056.0,636.0,584244.7733,130426.3346,-43.66173230830145
1667,549.0,54.0,583230.9871,129262.6412,-40.08979030092678
1669,571.0,586.0,583273.4413,130326.3042,-68.59439988716804
1671,554.0,37.0,583240.675,129227.8741,-21.478717117109227
1673,451.0,83.0,583034.2716,129320.3108,-53.59688332945461
1675,923.0,652.0,583978.7659,130458.3791,-16.78973623731781
1677,692.0,283.0,583515.2113,129720.0177,-15.267122267659033
1679,921.0,511.0,583974.9791,130176.8566,-51.47290461192006
1681,150.0,718.0,582432.6075,130590.6751,-28.46849961132739
1682,873.0,654.0,583877.3778,130461.2712,-26.42784442802713
1683,354.0,252.0,582839.8646,129657.9873,-55.75245690446991
1685,218.0,711.0,582567.5237,130576.6862,-43.714553286061346
1686,277.0,717.0,582686.4456,130588.8075,-26.15309462302457
1689,738.0,599.0,583607.0997,130352.7058,-76.23319734734787
1691,310.0,539.0,582751.0295,130232.9438,-65.08686831127307
1692,314.0,187.0,582759.1478,129528.0211,-11.94005659811637
1694,994.0,340.0,584119.3824,129833.1787,4.351276873379902
1695,608.0,374.0,583348.957,129902.5979,-99.58598958817811
1697,1336.0,614.0,584803.6088,130381.5294,-50.088016501090806
1699,311.0,539.0,582753.9785,130231.2324,-65.24304987088226
1700,628.0,40.0,583387.4015,129233.1025,-19.740319885525878
1702,654.0,61.0,583440.9995,129275.1327,4.279775485932078
1703,1243.0,665.0,584617.2759,130484.0831,-14.537419961200612
1704,555.0,35.0,583242.247,129223.2603,-22.18350116026386
1706,202.0,653.0,582535.5518,130459.8845,-38.736385830545714
1709,932.0,496.0,583995.5031,130145.1753,-44.211431943951084
1710,739.0,604.0,583609.924,130361.4808,-76.03893282936997
1712,212.0,353.0,582556.6417,129859.7795,-94.97117408203667
1714,771.0,63.0,583673.2821,129279.8371,-18.679349229058516
1715,307.0,541.0,582746.7087,130235.7187,-65.8157555771636
1716,306.0,542.0,582743.435,130238.2251,-63.27641173778284
1717,355.0,249.0,582841.3234,129652.5657,-57.12967097288947
1719,656.0,58.0,583443.7068,129269.3054,6.28011807876328
1720,1356.0,675.0,584843.8797,130503.4764,-40.2848248129817
1721,786.0,334.0,583704.9905,129822.4899,-34.23699749174193
1723,556.0,33.0,583243.2386,129219.7743,-22.345603566114733
1725,302.0,545.0,582736.649,130243.0465,-60.1041585485832
1726,312.0,189.0,582755.2107,129532.9011,-15.576086763182047
1728,904.0,174.0,583940.8429,129501.3479,-31.519079074917045
1730,164.0,128.0,582460.7038,129409.5566,2.0076858977877237
1732,305.0,543.0,582741.3125,130239.7823,-62.247814105854104
1733,303.0,544.0,582737.0678,130242.7469,-61.74134836717394
1734,206.0,652.0,582544.1825,130457.1526,-38.73943070074665
1736,556.0,31.0,583244.1017,129216.3869,-21.146543545517943
1738,945.0,185.0,584022.007,129524.7363,-15.075541882326888
1740,163.0,124.0,582458.5372,129402.7853,4.702964879850697
1742,242.0,712.0,582616.2521,130578.4097,-36.38214943392677
1743,299.0,547.0,582729.434,130248.6874,-57.12114454147513
1744,870.0,647.0,583872.1067,130447.6525,-34.325371960459506
1745,923.0,418.0,583977.5086,129990.3105,-30.220766315632318
1747,944.0,184.0,584020.9173,129521.6369,-17.409852352791404
1748,918.0,654.0,583968.7753,130461.9132,-16.67931625976871
1750,297.0,549.0,582725.2455,130251.4345,-55.87381915332571
1751,310.0,191.0,582752.0813,129536.42599999999,-17.684101758057295
1753,271.0,716.0,582674.0755,130585.6836,-27.54621809667833
1754,1114.0,570.0,584360.4829,130294.668,-48.024180946851175
1756,786.0,336.0,583704.5631,129825.9543,-36.27451802544465
1757,248.0,281.0,582627.7824,129716.5201,-49.783641404501395
1759,297.0,548.0,582726.5271,130250.5793,-57.61014627644499
1760,1019.0,412.0,584169.7957,129978.1305,-10.292982693862541
1762,356.0,245.0,582843.4808,129643.0705,-57.65411256724974
1764,562.0,11.0,583255.5129,129175.0179,16.27349422334646
1765,1353.0,677.0,584838.8194,130507.2881,-37.97793313147304
1766,356.0,244.0,582843.5307,129642.5754,-58.644539038041785
1768,557.0,28.0,583245.4774,129210.8582,-20.842524148253688
1770,209.0,651.0,582550.2333,130455.04400000001,-38.40606698066813
1771,733.0,588.0,583597.7327,130329.2199,-77.18623307653252
1774,921.0,420.0,583974.7999,129993.6682,-30.515674955901886
1775,248.0,280.0,582628.455,129714.3532,-49.20289918007893
1777,1350.0,679.0,584831.8292,130511.9891,-34.615683000127774
1778,688.0,299.0,583508.4218,129752.9776,-15.291567762102659
1780,658.0,51.0,583448.1721,129256.8478,9.863376335381417
1781,1352.0,678.0,584835.7764,130509.3324,-36.190072557563326
1782,947.0,192.0,584026.9071,129538.638,-16.257183009331584
1784,292.0,552.0,582715.2081,130258.3372,-53.771821006622304
1785,150.0,707.0,582431.4716,130568.6633,-24.970409324095726
1786,570.0,581.0,583271.6935,130316.1484,-73.06720081050662
1788,1017.0,407.0,584165.4831,129967.6319,-11.759203866617554
1790,557.0,26.0,583246.9506,129206.2117,-19.642410043345535
1792,290.0,554.0,582711.2102,130261.6414,-52.15761928672964
1793,868.0,640.0,583867.8849,130433.5969,-38.82734017349276
1795,786.0,337.0,583704.1534,129828.3705,-38.836144098105706
1797,786.0,339.0,583703.3586,129832.3348,-34.803127855046114
1798,163.0,123.0,582457.2859,129399.1459,8.680975866976041
1800,1054.0,626.0,584240.4503,130406.8356,-47.47669404234739
1802,293.0,551.0,582717.9393,130256.4301,-54.45804117774787
1803,730.0,582.0,583592.3168,130317.0194,-80.07954469301012
1805,940.0,178.0,584012.8321,129510.3137,-19.05475622967697
1807,166.0,134.0,582463.5071,129421.3072,-0.5430340094749226
1809,659.0,49.0,583449.3979,129252.9337,12.6930614337939
1812,308.0,194.0,582747.6399,129542.16900000001,-20.597410761444735
1814,611.0,36.0,583354.2579,129225.6378,19.642345688285786
1815,144.0,707.0,582420.9737,130567.0544,-22.611173168361347
1816,1348.0,681.0,584827.9605,130515.1809,-32.96952368643679
1817,155.0,708.0,582441.3038,130570.4978,-28.31126565937484
1818,1332.0,639.0,584796.6475,130432.3749,-25.72965973955752
1819,913.0,654.0,583957.9133,130462.4532,-14.825306727539555
1821,431.0,118.0,582994.5251,129389.3272,-65.10834521871084
1823,445.0,88.0,583022.0923,129329.8838,-55.28842044035446
1825,213.0,649.0,582558.3314,130452.4945,-36.658660580848846
1826,940.0,177.0,584011.5355,129508.8228,-19.987627431997225
1827,728.0,575.0,583588.3565,130304.4088,-84.0389410763446
1829,159.0,708.0,582450.6696,130570.6852,-32.78488040742741
1830,356.0,240.0,582844.3539999999,129634.3995,-59.815350293276424
1832,216.0,648.0,582564.3424,130449.8066,-32.20265048042211
1833,726.0,569.0,583584.7911,130291.0392,-88.08125369180289
1835,1192.0,474.0,584515.8417,130102.4173,-24.988435841936735
1837,306.0,198.0,582743.2702,129549.5584,-7.592730239078719
1839,147.0,711.0,582426.4779,130575.9611,-29.722732658114182
1840,1346.0,682.0,584824.8652,130517.80300000001,-31.570029471711223
1841,949.0,198.0,584030.6438,129550.1604,-18.12568572246846
1843,218.0,645.0,582568.2831,130444.4801,-28.092484677493303
1845,1192.0,475.0,584515.9193,130103.0011,-25.229085693049456
1846,1014.0,402.0,584160.7784,129958.5119,-10.930935601054898
1848,785.0,356.0,583702.2722,129866.2349,-32.792765101830355
1850,718.0,543.0,583568.072,130239.7805,-95.25295532514974
1852,785.0,355.0,583702.113,129864.3694,-34.09691855043684
1853,720.0,547.0,583571.1989,130248.6416,-96.33081879798556
1855,1345.0,684.0,584821.1863,130521.2184,-29.35788127179285
1856,555.0,36.0,583241.3598,129225.7099,-41.851638322596955
1858,287.0,556.0,582705.043,130266.0061,-51.12375337012327
1859,602.0,670.0,583335.7892,130493.7879,22.699779156119803
1861,283.0,558.0,582697.4364,130270.3921,-50.163701027264324
1862,722.0,553.0,583575.4666,130260.0542,-96.40599549687931
1864,166.0,175.0,582464.2881,129503.6111,-85.95658383783575
1866,1194.0,479.0,584519.4639,130112.8506,-25.25898469124968
1867,950.0,200.0,584031.8051,129553.3785,-19.588571139640862
1868,219.0,645.0,582569.4384,130443.1017,-28.857565775867442
1869,1195.0,483.0,584522.5183,130119.4569,-23.11430460208385
1871,284.0,557.0,582700.0970000001,130268.6877,-52.44369775837504
1872,725.0,565.0,583582.3586,130283.8495,-91.87613682194433
1874,1012.0,395.0,584155.9187,129944.371,-11.698579455287472
1879,905.0,183.0,583941.6162,129520.979,-30.512504693734172
1882,145.0,708.0,582421.4518,130569.1125,-28.61988765266824
1883,773.0,588.0,583677.4584,130330.802,-79.80750388798833
1885,304.0,200.0,582740.0677,129554.9009,-12.360684577497523
1887,773.0,580.0,583677.4705,130314.4169,-80.67592336969119
1889,160.0,113.0,582451.7745,129379.8903,8.472836648234988
1891,223.0,640.0,582577.6013,130433.5398,-22.37202399345051
1892,280.0,559.0,582692.499,130272.0985,-50.27061072750166
1897,913.0,375.0,583957.0522,129904.3147,-28.798524860645557
1899,1330.0,617.0,584791.9799,130387.8156,-28.99206190442692
1902,1196.0,485.0,584524.0393,130123.0135,-21.85794617686861
1903,723.0,556.0,583577.4839,130266.8775,-96.83458634222643
1906,1331.0,636.0,584794.1468,130426.6564,-26.44903218059153
1907,724.0,560.0,583579.2181,130273.3466,-95.78157824023583
1909,163.0,708.0,582458.4697,130569.9549,-35.36641718140572
1910,159.0,117.0,582450.4298,129387.8418,8.681979847953244
1912,867.0,634.0,583866.4481,130421.0514,-46.337617621566096
1913,904.0,261.0,583940.8881,129675.4675,-35.62024526886398
1917,228.0,633.0,582587.045,130420.3249,-15.267173369505144
1918,785.0,360.0,583702.5139,129873.9961,-33.08325667946701
1920,232.0,624.0,582596.1452,130402.9467,-9.569444943577764
1921,931.0,496.0,583993.7828,130146.5992,-46.47070506514865
1922,1199.0,490.0,584530.157,130134.0408,-17.245831486664883
1923,233.0,623.0,582597.4678,130400.4752,-9.170922959332074
1924,302.0,205.0,582735.3824,129563.1957,-14.823432290653727
1926,372.0,184.0,582876.7772,129521.0281,-1.8212876109028002
1928,952.0,205.0,584035.1922,129563.2692,-18.63388057906377
1930,166.0,156.0,582464.7574,129466.9695,-9.895221885161845
1934,907.0,654.0,583946.2527,130462.8122,-16.691734467336573
1936,1200.0,492.0,584532.3846,130137.789,-15.410397011626173
1938,785.0,346.0,583701.6892,129846.3567,-32.806273762179444
1940,715.0,535.0,583562.2834,130223.1919,-100.11859643929256
1942,380.0,177.0,582892.9448,129507.2978,-5.957270013870584
1944,234.0,621.0,582599.5747,130396.7993,-9.268027965388228
1945,230.0,627.0,582592.8398,130408.7863,-11.722080524860758
1946,376.0,180.0,582884.3994,129514.0902,-2.7435239149317567
1948,218.0,343.0,582568.2509,129840.4592,-94.8829628270446
1950,930.0,497.0,583992.8847,130147.3313,-46.01376619758594
1952,785.0,358.0,583702.3464,129870.0437,-37.48018981623636
1953,912.0,379.0,583956.475,129912.4107,-28.099546822661978
1955,1201.0,494.0,584534.6962,130141.1188,-15.62491872478222
1956,912.0,356.0,583955.4709,129866.8825,-41.46088183701204
1957,227.0,635.0,582585.0049,130423.8392,-18.893978539631462
1958,228.0,631.0,582588.8909,130416.25,-14.781770392118688
1959,237.0,616.0,582605.72,130385.8789,-7.241148338212042
1960,378.0,178.0,582888.931,129510.30099999999,-4.552619311661601
1962,773.0,570.0,583678.6147,130293.462,-84.10239607038693
1964,912.0,371.0,583956.5562,129896.1393,-33.79072676918895
1965,785.0,345.0,583701.821,129844.263,-36.402532582848835
1966,171.0,709.0,582473.7266,130571.2379,-37.52456988544691
1967,912.0,382.0,583955.9352,129917.9428,-26.256753206618214
1968,923.0,548.0,583977.1583,130249.1974,-55.80829586864911
1970,969.0,273.0,584070.8843,129700.7589,-28.639268424759393
1972,237.0,615.0,582606.7626,130384.3762,-7.74525315973824
1973,775.0,564.0,583681.4278,130281.0143,-84.94141738235157
1974,238.0,615.0,582607.6324,130383.1665,-6.988849818284507
1975,775.0,563.0,583682.1415,130279.4584,-85.904976373919
1977,275.0,560.0,582682.5418,130274.2546,-49.579860769130846
1979,660.0,45.0,583451.701,129243.34199999999,15.38456669480911
1980,714.0,531.0,583560.1493,130215.1538,-102.34247782091234
1984,912.0,389.0,583955.3497,129931.6709,-22.769770238071033
1986,250.0,276.0,582631.0659,129705.9804,-51.14006117292911
1988,1330.0,631.0,584792.2842,130416.5052,-26.564949050362884
1989,603.0,673.0,583338.3385,130499.7941,25.784378895280952
1991,1205.0,500.0,584541.5984,130153.7081,-16.12793635232174
1993,1008.0,387.0,584148.3087,129928.1115,-10.478812305286283
1995,904.0,257.0,583940.3662,129667.6312,-37.49437580783888
1997,277.0,560.0,582686.4428,130273.3427,-50.76090873540534
1998,1204.0,498.0,584540.1622,130150.7719,-17.075391491589016
1999,953.0,209.0,584037.6624,129571.3719,-21.277408661228492
2000,432.0,109.0,582995.1931,129372.9612,-65.39619905594509
2002,243.0,607.0,582618.3285,130368.7784,-11.673550968978361
2003,560.0,0.0,583251.7523,129154.9322,18.146639371612764
2004,684.0,308.0,583500.2403,129770.7233,-19.54071502743045
2006,599.0,359.0,583330.8372,129872.9137,-101.79610774394041
2009,712.0,525.0,583556.4454,130203.1622,-100.50074905239353
2011,785.0,363.0,583702.7454,129879.5785,-36.159186003360446
2012,1053.0,619.0,584237.1214,130391.1842,-53.69390707411367
2014,270.0,563.0,582671.0345,130279.7151,-47.73972716782919
2015,165.0,162.0,582462.9698,129477.8292,-12.500836667120439
2017,241.0,610.0,582614.8234,130373.6096,-10.346198155629736
2018,299.0,209.0,582729.3172,129571.8869,-20.17116456317399
2020,178.0,710.0,582488.0067,130574.3525,-39.51113851566652
2021,953.0,211.0,584038.7638,129575.8547,-20.958924107864277
2023,785.0,351.0,583701.3105,129856.57199999999,-34.0816377169258
2025,867.0,624.0,583865.9153,130402.3554,-51.17345573493958
2026,306.0,197.0,582744.0715,129548.4065,-23.202938367924617
2028,250.0,275.0,582631.7269,129704.1786,-52.428712178164005
2030,1217.0,537.0,584566.6554,130227.4352,-14.795288171736502
2031,1235.0,664.0,584602.8277,130481.7861,-13.478720703330964
2032,258.0,714.0,582648.0279,130581.5158,-34.89015313723712
2033,971.0,274.0,584074.4946,129701.1447,-27.818800103948888
2034,902.0,656.0,583935.9082,130465.0942,-19.108218184380803
2036,1329.0,623.0,584789.3642,130400.9194,-27.178962177691574
2037,265.0,570.0,582661.3992,130293.4826,-42.54578292293718
2038,268.0,564.0,582668.9239,130282.58300000001,-47.50915142266422
2039,1005.0,380.0,584141.9079,129913.957,-9.582626736100337
2041,618.0,31.0,583367.5026,129216.2276,29.652863088413596
2042,1108.0,576.0,584347.0964,130305.9344,-54.74951257810062
2044,1328.0,619.0,584788.4389,130392.6067,-26.33649820968958
2045,262.0,576.0,582655.5386,130306.1744,-36.876279687482565
2047,1216.0,529.0,584563.3255,130211.8838,-16.318043317077354
2050,910.0,402.0,583951.7038,129957.954,-21.86622132345883
2051,914.0,430.0,583959.7167,130013.8655,-31.310662842381134
2054,263.0,572.0,582658.9277,130298.3646,-40.62692184312664
2055,970.0,273.0,584071.8115,129699.9057,-26.926030729400736
2057,250.0,274.0,582632.1891,129702.9469,-53.52427372060538
2059,139.0,677.0,582409.8378,130508.7302,-33.44103831485654
2060,899.0,655.0,583930.4049,130464.8936,-18.6842180672179
2062,265.0,569.0,582661.8408,130292.7972,-42.596540066712805
2063,785.0,367.0,583702.794,129887.4837,-35.67017262277386
2065,259.0,581.0,582650.2307,130315.0243,-33.52195078272371
2066,1212.0,515.0,584555.623,130183.4698,-16.81918954999628
2068,245.0,604.0,582622.7982,130361.74699999999,-15.505122385418417
2069,268.0,565.0,582667.2685,130284.49699999999,-46.102080777417996
2070,302.0,204.0,582736.5349,129561.3324,-27.685585571804495
2075,364.0,191.0,582860.33,129535.5679,-4.267680077784917
2078,1334.0,641.0,584799.3934,130436.8968,-54.50933275749139
2080,257.0,585.0,582645.6097,130324.0584,-29.915967922969685
2081,1211.0,513.0,584554.075,130179.9324,-18.082050569304556
2082,1213.0,517.0,584557.2795,130187.5466,-18.259284718882554
2084,256.0,586.0,582644.9969,130325.20800000001,-29.981949602090936
2085,1002.0,375.0,584136.8207,129904.2778,-11.49234722610936
2089,246.0,603.0,582623.7472,130360.121,-16.239116761186324
2090,1209.0,508.0,584549.2891,130169.6814,-19.161677677195257
2093,255.0,588.0,582642.1086,130329.6135,-27.2895127327306
2094,357.0,203.0,582846.9487,129560.9898,-17.01116558843296
2096,785.0,368.0,583702.8541,129890.2421,-36.7549456206425
2098,189.0,711.0,582509.957,130576.7963,-41.811481762851145
2099,593.0,365.0,583317.9129,129884.5866,-105.7192163155496
2101,1106.0,578.0,584344.0152,130309.1014,-57.61625944813568
2103,999.0,368.0,584130.0348,129890.4291,-9.329777860016748
2106,923.0,597.0,583977.371,130347.9689,-74.49664100301379
2108,195.0,712.0,582522.0147,130577.424,-41.169273748991145
2109,894.0,656.0,583920.7591,130465.42,-18.283045008669433
2111,301.0,206.0,582733.5997,129566.041,-31.984513613003855
2113,143.0,669.0,582418.0556,130491.5434,-34.19102571804842
2115,250.0,597.0,582631.2685,130348.7954,-20.02156185119111
2116,777.0,551.0,583685.4407,130255.6336,-86.0944456540833
2118,295.0,213.0,582722.9214,129579.7126,-26.88424482279288
2120,250.0,596.0,582632.5392,130346.7375,-21.264930413204183
2121,997.0,362.0,584126.9894,129877.5181,-5.805988494642406
2123,905.0,249.0,583941.6255,129651.0703,-40.391508269517544
2125,252.0,593.0,582635.5129999999,130340.4242,-24.36005301808973
2126,222.0,337.0,582576.1843,129827.3569,-96.35786879820353
2128,709.0,514.0,583549.9451,130182.4346,-101.96413259196424
2130,361.0,193.0,582854.0071,129540.7763,-8.09646980719026
2134,251.0,596.0,582633.1679,130345.5327,-20.537948882260025
2135,964.0,260.0,584060.71,129673.5146,-31.10034268893787
2136,909.0,409.0,583949.0861,129972.8796,-26.38469962830095
2138,785.0,369.0,583702.8636,129892.5105,-39.3816291557182
2139,865.0,615.0,583862.7758,130383.6423,-57.08549348923589
2140,777.0,548.0,583685.6291,130250.8779,-87.65388682232788
2141,956.0,224.0,584044.6024,129602.9468,-24.87333806110746
2143,1078.0,623.0,584287.8569,130399.1838,-50.28573555183448
2145,437.0,93.0,583005.0303,129340.8935,-60.78975898404451
2148,607.0,678.0,583345.0007,130510.5297,28.232524989270132
2150,924.0,502.0,583980.6739,130158.8987,-56.57902560997263
2151,921.0,563.0,583974.5676,130279.8097,-70.42041317695339
2153,248.0,712.0,582627.8654,130577.2898,-36.89191188804398
2154,359.0,196.0,582849.2995,129545.9069,-10.670618618424214
2156,201.0,712.0,582534.4608,130578.7882,-41.638410496168035
2157,252.0,271.0,582635.1515,129695.8262,-53.40963031425281
2159,958.0,232.0,584047.3068,129617.2323,-25.350539414275772
2161,293.0,217.0,582717.6372,129587.132,-31.136462883390777
2163,298.0,209.0,582728.3306,129572.9525,-35.74523482476798
2165,785.0,372.0,583702.8126,129897.2662,-38.89514298418135
2166,1078.0,622.0,584288.3859,130397.7478,-53.539415207524144
2167,785.0,373.0,583702.8738,129899.8847,-37.06146866808194
2169,680.0,316.0,583492.6876,129785.8114,-25.315833262221986
2171,358.0,199.0,582847.5722,129551.9755,-15.394830959886349
2173,1082.0,614.0,584295.6148,130382.3385,-58.202276224502384
2175,1081.0,616.0,584293.3813,130386.8433,-56.75233342621232
2176,908.0,413.0,583947.2531,129980.6481,-28.748548747498717
2177,849.0,414.0,583830.257,129981.9171,-35.42261308583784
2179,904.0,241.0,583940.4276,129635.0863,-39.183583916747466
2181,215.0,712.0,582561.0233,130577.0201,-45.00204729976576
2182,1075.0,629.0,584282.1274,130411.8774,-46.40590663609464
2184,904.0,243.0,583940.6217,129640.2763,-42.04356038224523
2188,777.0,543.0,583686.9054,130239.8383,-85.86583284686185
2190,849.0,413.0,583829.6173,129979.8507,-37.14585277250126
2191,208.0,712.0,582548.3083,130577.37599999999,-42.65784829576842
2192,1331.0,637.0,584794.6422,130428.6078,-54.87327127713843
2194,850.0,419.0,583832.4175,129992.1099,-36.48106013613642
2198,920.0,578.0,583972.8127,130310.3544,-75.24392124263068
2202,1073.0,632.0,584278.8327,130418.3603,-44.925252096982604
2204,959.0,237.0,584049.1945,129628.336,-28.326807740394997
2205,961.0,248.0,584054.1033,129650.0666,-30.120552602633325
2206,851.0,422.0,583833.011,129997.1287,-37.86192327874369
2207,866.0,618.0,583864.6362,130389.7681,-67.91089390155503
2208,1330.0,629.0,584791.6581,130411.3725,-50.95046729732485
2212,906.0,423.0,583943.7709,129999.1806,-27.984113447681466
2214,1071.0,637.0,584274.2581,130427.36099999999,-36.829925159533104
2216,889.0,654.0,583909.3794,130461.7712,-22.286965036723814
2218,851.0,425.0,583833.793,130004.9396,-37.834998704064674
2220,785.0,376.0,583702.9842,129906.3695,-38.92990894302193
2222,295.0,214.0,582721.7524,129581.411,-39.27772827918807
2224,1072.0,635.0,584275.711,130424.4937,-42.04994298462816
2226,887.0,655.0,583905.9374,130463.5511,-21.63512263911798
2228,289.0,221.0,582710.2406,129596.3493,-36.15609859401911
2232,904.0,234.0,583939.5604,129621.4397,-39.25334820950184
2234,1084.0,610.0,584299.6906,130373.7706,-66.45811690917344
2235,432.0,98.0,582996.636,129350.5233,-64.01248067718006
2239,851.0,430.0,583834.9341,130014.8034,-37.58533515705858
2241,253.0,268.0,582638.2989,129689.7762,-55.06135250746047
2243,904.0,219.0,583939.7322,129591.4593,-36.45122461872961
2245,920.0,572.0,583971.5946,130297.06300000001,-76.79408460198283
2247,851.0,428.0,583834.5309,130010.8995,-40.51226896424214
2248,904.0,228.0,583939.4920000001,129609.595,-37.855514268622755
2250,226.0,330.0,582584.8673,129813.8467,-92.73613411711221
2252,291.0,219.0,582713.2173,129592.3354,-41.2167883238003
2254,707.0,507.0,583545.475,130168.7237,-105.31630308051581
2256,1069.0,640.0,584270.9601,130434.7349,-39.89585213709506
2258,786.0,382.0,583703.1913,129918.76400000001,-39.65372337636609
2260,1100.0,585.0,584331.8256,130323.3365,-69.89488298768674
2262,884.0,656.0,583899.1398,130466.226,-23.142139934861916
2264,905.0,428.0,583941.2725,130010.9115,-32.097837710131444
2265,778.0,535.0,583687.6689,130224.5249,-87.18208119940982
2266,288.0,222.0,582708.3767,129598.7413,-42.2193730403078
2268,285.0,226.0,582702.84,129605.7523,-41.05728624488529
2270,238.0,712.0,582607.4557,130577.1011,-38.38087699692187
2271,1086.0,606.0,584303.7828,130365.4817,-71.37823104463223
2272,785.0,379.0,583702.8786,129911.96,-43.34754405281774
2273,922.0,645.0,583976.7168,130444.3408,-22.490630899553253
2274,222.0,711.0,582575.56,130576.1439,-41.45689668068917
2275,676.0,326.0,583484.69,129806.0248,-31.134814888569508
2277,852.0,436.0,583835.2651,130026.69099999999,-39.89371968640444
2281,243.0,712.0,582618.0977,130578.6404,-37.35245535972808
2284,254.0,266.0,582640.3159,129685.7453,-56.216348828472746
2286,233.0,711.0,582597.8254,130576.1862,-37.68118896209444
2287,286.0,225.0,582704.0998,129604.2503,-44.196942367221254
2290,1097.0,588.0,584326.1349,130330.27,-71.48302400983175
2292,1068.0,644.0,584268.9351,130441.7476,-37.397426204200656
2295,255.0,265.0,582641.156,129684.2059,-55.860395238613364
2297,228.0,711.0,582588.7371,130575.194,-38.89976557124146
2298,572.0,562.0,583275.3524,130277.1463,-100.87645286891347
2300,621.0,34.0,583373.6576,129221.7836,-26.008661043465963
2302,878.0,658.0,583888.4949,130469.2058,-22.845339449350377
2304,230.0,325.0,582591.8563,129804.0367,-84.936303977629
2306,785.0,385.0,583702.9526,129924.8053,-42.608398776980266
2308,231.0,323.0,582594.4558,129799.2829,-80.06482314813138
2310,1067.0,647.0,584266.7277,130447.4207,-37.57571940332173
2313,140.0,167.0,582412.1064,129487.4199,-24.083032312561045
2315,358.0,212.0,582848.0006,129578.7776,-68.81571740885238
2321,852.0,444.0,583836.8413,130042.2594,-45.32474955732232
2323,1101.0,584.0,584333.4194,130321.6178,-81.63532839520894
2324,1098.0,587.0,584328.4658,130327.2792,-78.89023079499793
2325,284.0,228.0,582699.1501,129610.1695,-44.034730297227725
2329,279.0,233.0,582690.7399,129619.5729,-46.2025278796923
2331,852.0,445.0,583836.8895,130043.0988,-47.092975708615086
2332,792.0,402.0,583715.4007,129957.2127,-53.100502443433015
2334,674.0,331.0,583479.7521,129816.8477,-37.898029761086946
2336,921.0,506.0,583974.4973,130165.71800000001,-52.71789572487205
2337,903.0,439.0,583938.9304,130031.5318,-37.31999912535139
2338,922.0,518.0,583976.7866,130190.4579,-45.318689249167164
2340,922.0,514.0,583975.6618,130182.7065,-63.49304711059176
2341,257.0,262.0,582645.3129,129677.6082,-57.943656572858345
2343,281.0,231.0,582694.4187,129615.4065,-45.38997022434933
2345,904.0,442.0,583939.5225,130038.9491,-37.764507556715216
2347,278.0,235.0,582687.4929,129623.1528,-48.46617537708835
2349,853.0,450.0,583837.9148,130054.36,-48.01220890236027
2351,258.0,260.0,582647.8786,129673.7625,-56.04544365220727
2353,276.0,237.0,582683.2789,129627.4822,-47.07787189518376
2355,854.0,454.0,583839.2718,130062.9789,-48.38150695502418
2357,358.0,208.0,582847.949,129570.1,-69.56943960099625
2359,854.0,459.0,583840.8097,130071.6396,-48.120067225739604
2361,274.0,239.0,582679.9386,129632.2226,-48.55255324308837
2363,853.0,451.0,583837.9721,130056.9939,-50.712978005078185
2364,791.0,405.0,583714.7235,129963.3289,-57.24867986032859
2365,574.0,547.0,583279.1997,130247.77900000001,-100.01361284104723
2367,234.0,319.0,582599.1642,129792.3617,-74.97583318589568
2369,785.0,391.0,583702.2,129935.6907,-47.405032840568765
2371,275.0,238.0,582681.7615,129629.4634,-50.814339465409375
2373,791.0,407.0,583714.0355,129967.5432,-56.2942939591976
2375,271.0,243.0,582673.5392,129639.6599,-49.72864737972486
2378,272.0,242.0,582675.9624,129637.1246,-51.35536417066987
2380,855.0,463.0,583841.5613,130079.2063,-50.408176210883084
2382,670.0,341.0,583471.9914,129836.47,-43.21090762481026
2384,788.0,402.0,583708.7662,129957.2558,-54.02981439371433
2385,260.0,256.0,582652.9064,129665.8623,-55.43197289899581
2387,785.0,392.0,583702.239,129937.6679,-49.23965873138923
2388,920.0,641.0,583972.3943,130436.5166,-27.1527585873273
2389,620.0,384.0,583371.7826,129921.1526,-88.50644789288435
2391,630.0,364.0,583392.6642,129882.0964,-87.81768560587307
2393,270.0,244.0,582671.1641,129642.1893,-51.60567679623182
2396,855.0,461.0,583841.331,130076.2989,-53.88937673695409
2399,780.0,515.0,583691.769,130183.5372,-91.92956079789337
2401,575.0,539.0,583282.3163,130231.8582,-100.94651078773995
2403,267.0,247.0,582666.3732,129648.0991,-51.44924229046683
2405,262.0,254.0,582656.2157,129661.4899,-54.88641288831104
2407,856.0,471.0,583843.7154,130095.4356,-52.32889964582955
2409,262.0,253.0,582656.8401,129660.6802,-55.30713897383839
2411,915.0,625.0,583962.5329999999,130404.1335,-45.98981547352423
2412,856.0,470.0,583843.6485,130094.8742,-53.89868061442439
2413,855.0,467.0,583842.267,130088.6012,-53.49970160521798
2415,856.0,478.0,583843.8858,130110.9662,-52.067927907444755
2417,267.0,248.0,582665.507,129649.2998,-53.2654516226371
2419,635.0,354.0,583402.8318,129862.3956,-92.51024306350337
2421,787.0,403.0,583705.3620000001,129959.0067,-51.82668145429898
2423,856.0,475.0,583843.4449,130104.0781,-53.688881143514664
2425,860.0,592.0,583851.2074,130337.7108,-76.75503347828044
2427,783.0,491.0,583697.8165,130135.5721,-73.61568697104758
2428,785.0,397.0,583701.2931,129948.403,-51.65444624358497
2431,785.0,398.0,583701.1387,129950.3854,-51.04053535764251
2433,614.0,397.0,583360.5872,129948.7159,-95.49553173139384
2435,782.0,505.0,583695.0222,130163.215,-88.04065746183005
2436,857.0,482.0,583845.1416,130118.6036,-56.50038063456077
2437,856.0,476.0,583843.5418,130106.7377,-57.28265286095166
2438,375.0,181.0,582881.2954,129516.6336,-74.73609552774678
2440,579.0,523.0,583289.4827,130199.2722,-100.0954928107335
2446,915.0,614.0,583962.9005,130382.0431,-57.44529205347908
2447,923.0,596.0,583977.4957,130346.1835,-70.7913524950759
2448,665.0,356.0,583461.47,129865.8483,-57.912210842080185
2450,358.0,200.0,582847.5132,129553.6292,-71.71458977118436
2452,922.0,557.0,583975.1166,130267.2715,-46.038685547763635
2454,655.0,385.0,583442.2864,129924.7741,-61.506388699929175
2456,782.0,498.0,583696.4496,130149.1691,-88.28683686916747
2458,919.0,604.0,583969.6356,130361.7927,-65.99760082635657
2459,368.0,188.0,582867.3339,129530.0049,-74.53899062611026
2461,662.0,366.0,583456.9455,129886.3071,-63.67607723712899
2463,634.0,338.0,583399.9337,129830.7615,-93.38287032673679
2465,923.0,590.0,583977.632,130333.0032,-76.55174272877866
2466,361.0,194.0,582853.5092,129541.3286,-72.89800457981164
2468,857.0,578.0,583846.3042,130310.6075,-75.95605007783752
2470,644.0,286.0,583420.2898,129726.9256,-85.79560477089217
2472,359.0,195.0,582850.2256,129544.9292,-73.62342222776488
2474,643.0,303.0,583418.0163,129759.3363,-90.45691772503187
2476,659.0,375.0,583449.1001,129903.8397,-63.49515825722392
2478,636.0,327.0,583404.6887,129807.7128,-92.84974823793482
2480,784.0,481.0,583700.088,130116.8773,-84.18481718281691
2482,789.0,443.0,583709.2403,130040.4334,-66.00477345174158
2484,788.0,449.0,583708.7144,130051.6263,-67.15951139231902
2486,857.0,571.0,583845.2612,130296.67300000001,-74.93408767450319
2488,787.0,461.0,583705.4069,130076.2114,-74.13708348917908
2490,915.0,615.0,583962.3201,130384.4303,-57.36033240563347
2492,921.0,581.0,583973.6023,130316.7138,-84.21918919712607
